,Consumption emissions,,,,,,,,,,,,,,,,,,,,,,,,,,,,,,,,,,,,,,,,,,,,,,,,,,,,,,,,,,,,,,,,,,,,,,,,,,,,,,,,,,,,,,,,,,,,,,,,,,,,,,,,,,,,,,,,,,,,,,,,,,,,,,,,,,,,,,,,,,,,,,,,,,,,,,,,,,,,,,,,,,,,,,,,,,,,,,,,,,,,,,,,,,,,,,,,,,,,,,,,,,,,,,,,,,,,,,,,,,,,,,,,,,,,,,,
,"All values in million tonnes of carbon per year. For values in million tonnes of CO2 per year, multiply the values below by 3.664",,,,,,,,,,,,,,,,,,,,,,,,,,,,,,,,,,,,,,,,,,,,,,,,,,,,,,,,,,,,,,,,,,,,,,,,,,,,,,,,,,,,,,,,,,,,,,,,,,,,,,,,,,,,,,,,,,,,,,,,,,,,,,,,,,,,,,,,,,,,,,,,,,,,,,,,,,,,,,,,,,,,,,,,,,,,,,,,,,,,,,,,,,,,,,,,,,,,,,,,,,,,,,,,,,,,,,,,,,,,,,,,,,,,,,,
,1MtC = 1 million tonne of carbon = 3.664 million tonnes of CO2,,,,,,,,,,,,,,,,,,,,,,,,,,,,,,,,,,,,,,,,,,,,,,,,,,,,,,,,,,,,,,,,,,,,,,,,,,,,,,,,,,,,,,,,,,,,,,,,,,,,,,,,,,,,,,,,,,,,,,,,,,,,,,,,,,,,,,,,,,,,,,,,,,,,,,,,,,,,,,,,,,,,,,,,,,,,,,,,,,,,,,,,,,,,,,,,,,,,,,,,,,,,,,,,,,,,,,,,,,,,,,,,,,,,,,,
,"CIte as: Updated from Peters, GP, Minx, JC, Weber, CL and Edenhofer, O 2011. Growth in emission transfers via international trade from 1990 to 2008. Proceedings of the National Academy of Sciences 108, 8903-8908. http://www.pnas.org/content/108/21/8903.abstract ",,,,,,,,,,,,,,,,,,,,,,,,,,,,,,,,,,,,,,,,,,,,,,,,,,,,,,,,,,,,,,,,,,,,,,,,,,,,,,,,,,,,,,,,,,,,,,,,,,,,,,,,,,,,,,,,,,,,,,,,,,,,,,,,,,,,,,,,,,,,,,,,,,,,,,,,,,,,,,,,,,,,,,,,,,,,,,,,,,,,,,,,,,,,,,,,,,,,,,,,,,,,,,,,,,,,,,,,,,,,,,,,,,,,,,,
,"For an explanation of issues around consumption emissions, see: Peters, GP, Davis, SJ and Andrew, R 2012. A synthesis of carbon in international trade. Biogeosciences, 9, 3247-3276. http://www.biogeosciences.net/9/3247/2012/bg-9-3247-2012.html",,,,,,,,,,,,,,,,,,,,,,,,,,,,,,,,,,,,,,,,,,,,,,,,,,,,,,,,,,,,,,,,,,,,,,,,,,,,,,,,,,,,,,,,,,,,,,,,,,,,,,,,,,,,,,,,,,,,,,,,,,,,,,,,,,,,,,,,,,,,,,,,,,,,,,,,,,,,,,,,,,,,,,,,,,,,,,,,,,,,,,,,,,,,,,,,,,,,,,,,,,,,,,,,,,,,,,,,,,,,,,,,,,,,,,,
,,,,,,,,,,,,,,,,,,,,,,,,,,,,,,,,,,,,,,,,,,,,,,,,,,,,,,,,,,,,,,,,,,,,,,,,,,,,,,,,,,,,,,,,,,,,,,,,,,,,,,,,,,,,,,,,,,,,,,,,,,,,,,,,,,,,,,,,,,,,,,,,,,,,,,,,,,,,,,,,,,,,,,,,,,,,,,,,,,,,,,,,,,,,,,,,,,,,,,,,,,,,,,,,,,,,,,,,,,,,,,,,,,,,,,,,
MtC/yr,,,,,,,,,,,,,,,,,,,,,,,,,,,,,,,,,,,,,,,,,,,,,,,,,,,,,,,,,,,,,,,,,,,,,,,,,,,,,,,,,,,,,,,,,,,,,,,,,,,,,,,,,,,,,,,,,,,,,,,,,,,,,,,,,,,,,,,,,,,,,,,,,,,,,,,,,,,,,,,,,,,,,,,,,,,,,,,,,,,,,,,,,,,,,,,,,,,,,,,,,,,,,,,,,,,,,,,,,,,,,,,,,,,,,,,,
,AFGHANISTAN,ALBANIA,ALGERIA,ANDORRA,ANGOLA,ANGUILLA,ANTIGUA & BARBUDA,ARGENTINA,ARMENIA,ARUBA,AUSTRALIA,AUSTRIA,AZERBAIJAN,BAHAMAS,BAHRAIN,BANGLADESH,BARBADOS,BELARUS,BELGIUM,BELIZE,BENIN,BERMUDA,BHUTAN,BOSNIA & HERZEGOVINA,BOTSWANA,BRAZIL,BRITISH VIRGIN ISLANDS,BRUNEI (DARUSSALAM),BULGARIA,BURKINA FASO,BURUNDI,CAMBODIA,CANADA,CAPE VERDE,CAYMAN ISLANDS,CENTRAL AFRICAN REPUBLIC,CHAD,CHILE,CHINA (MAINLAND),COLOMBIA,COMOROS,CONGO,COOK ISLANDS,COSTA RICA,COTE D IVOIRE,CROATIA,CUBA,CYPRUS,CZECH REPUBLIC,DEMOCRATIC PEOPLE S REPUBLIC OF KOREA,DEMOCRATIC REPUBLIC OF THE CONGO (FORMERLY ZAIRE),DENMARK,DJIBOUTI,DOMINICA,DOMINICAN REPUBLIC,ECUADOR,EGYPT,EL SALVADOR,EQUATORIAL GUINEA,ERITREA,ESTONIA,ETHIOPIA,FAEROE ISLANDS,FALKLAND ISLANDS (MALVINAS),FEDERATED STATES OF MICRONESIA,FIJI,FINLAND,FRANCE (INCLUDING MONACO),FRENCH GUIANA,FRENCH POLYNESIA,GABON,GAMBIA,GEORGIA,GERMANY,GHANA,GIBRALTAR,GREECE,GREENLAND,GRENADA,GUADELOUPE,GUATEMALA,GUINEA,GUINEA BISSAU,GUYANA,HAITI,HONDURAS,HONG KONG SPECIAL ADMINSTRATIVE REGION OF CHINA,HUNGARY,ICELAND,INDIA,INDONESIA,IRAQ,IRELAND,ISLAMIC REPUBLIC OF IRAN,ISRAEL,ITALY (INCLUDING SAN MARINO),JAMAICA,JAPAN,JORDAN,KAZAKHSTAN,KENYA,KIRIBATI,KUWAIT,KYRGYZSTAN,LAO PEOPLE S DEMOCRATIC REPUBLIC,LATVIA,LEBANON,LESOTHO,LIBERIA,LIBYAN ARAB JAMAHIRIYAH,LITHUANIA,LUXEMBOURG,MACAU SPECIAL ADMINSTRATIVE REGION OF CHINA,MACEDONIA,MADAGASCAR,MALAWI,MALAYSIA,MALDIVES,MALI,MALTA,MARSHALL ISLANDS,MARTINIQUE,MAURITANIA,MAURITIUS,MEXICO,MONGOLIA,MONTENEGRO,MONTSERRAT,MOROCCO,MOZAMBIQUE,MYANMAR (FORMERLY BURMA),NAMIBIA,NAURU,NEPAL,NETHERLAND ANTILLES,NETHERLANDS,NEW CALEDONIA,NEW ZEALAND,NICARAGUA,NIGER,NIGERIA,NIUE,NORWAY,OCCUPIED PALESTINIAN TERRITORY,OMAN,PAKISTAN,PALAU,PANAMA,PAPUA NEW GUINEA,PARAGUAY,PERU,PHILIPPINES,PLURINATIONAL STATE OF BOLIVIA,POLAND,PORTUGAL,QATAR,REPUBLIC OF CAMEROON,REPUBLIC OF KOREA,REPUBLIC OF MOLDOVA,REUNION,ROMANIA,RUSSIAN FEDERATION,RWANDA,SAINT HELENA,SAINT LUCIA,SAMOA,SAO TOME & PRINCIPE,SAUDI ARABIA,SENEGAL,SERBIA,SEYCHELLES,SIERRA LEONE,SINGAPORE,SLOVAKIA,SLOVENIA,SOLOMON ISLANDS,SOMALIA,SOUTH AFRICA,SPAIN,SRI LANKA,ST. KITTS-NEVIS,ST. PIERRE & MIQUELON,ST. VINCENT & THE GRENADINES,SUDAN,SURINAME,SWAZILAND,SWEDEN,SWITZERLAND,SYRIAN ARAB REPUBLIC,TAIWAN,TAJIKISTAN,THAILAND,TIMOR-LESTE (FORMERLY EAST TIMOR),TOGO,TONGA,TRINIDAD AND TOBAGO,TUNISIA,TURKEY,TURKMENISTAN,TURKS AND CAICOS ISLANDS,UGANDA,UKRAINE,UNITED ARAB EMIRATES,UNITED KINGDOM,UNITED REPUBLIC OF TANZANIA,UNITED STATES OF AMERICA,URUGUAY,UZBEKISTAN,VANUATU,VENEZUELA,VIET NAM,WALLIS AND FUTUNA ISLANDS,WESTERN SAHARA,YEMEN,ZAMBIA,ZIMBABWE,KP Annex B,Non KP Annex B,OECD,Non-OECD,EU28,Africa,Asia,Central America,Europe,Middle East,North America,Oceania,South America,Bunkers,Statistical Difference,World
,Afghanistan,Albania,Algeria,Andorra,Angola,Anguilla,Antigua and Barbuda,Argentina,Armenia,Aruba,Australia,Austria,Azerbaijan,Bahamas,Bahrain,Bangladesh,Barbados,Belarus,Belgium,Belize,Benin,Bermuda,Bhutan,Bosnia and Herzegovina,Botswana,Brazil,British Virgin Islands,Brunei Darussalam,Bulgaria,Burkina Faso,Burundi,Cambodia,Canada,Cape Verde,Cayman Islands,Central African Republic,Chad,Chile,China,Colombia,Comoros,Congo,Cook Islands,Costa Rica,Côte d'Ivoire,Croatia,Cuba,Cyprus,Czech Republic,North Korea,Democratic Republic of the Congo,Denmark,Djibouti,Dominica,Dominican Republic,Ecuador,Egypt,El Salvador,Equatorial Guinea,Eritrea,Estonia,Ethiopia,Faeroe Islands,Falkland Islands (Malvinas),Micronesia (Federated States of),Fiji,Finland,France,French Guiana,French Polynesia,Gabon,Gambia,Georgia,Germany,Ghana,Gibraltar,Greece,Greenland,Grenada,Guadeloupe,Guatemala,Guinea,Guinea-Bissau,Guyana,Haiti,Honduras,Hong Kong,Hungary,Iceland,India,Indonesia,Iraq,Ireland,Iran,Israel,Italy,Jamaica,Japan,Jordan,Kazakhstan,Kenya,Kiribati,Kuwait,Kyrgyzstan,Laos,Latvia,Lebanon,Lesotho,Liberia,Libya,Lithuania,Luxembourg,Macao,Macedonia (Republic of),Madagascar,Malawi,Malaysia,Maldives,Mali,Malta,Marshall Islands,Martinique,Mauritania,Mauritius,Mexico,Mongolia,Montenegro,Montserrat,Morocco,Mozambique,Myanmar,Namibia,Nauru,Nepal,Netherlands Antilles,Netherlands,New Caledonia,New Zealand,Nicaragua,Niger,Nigeria,Niue,Norway,Occupied Palestinian Territory,Oman,Pakistan,Palau,Panama,Papua New Guinea,Paraguay,Peru,Philippines,Bolivia,Poland,Portugal,Qatar,Cameroon,South Korea,Moldova,Réunion,Romania,Russian Federation,Rwanda,Saint Helena,Saint Lucia,Samoa,Sao Tome and Principe,Saudi Arabia,Senegal,Serbia,Seychelles,Sierra Leone,Singapore,Slovakia,Slovenia,Solomon Islands,Somalia,South Africa,Spain,Sri Lanka,Saint Kitts and Nevis,Saint Pierre and Miquelon,Saint Vincent and the Grenadines,Sudan,Suriname,Swaziland,Sweden,Switzerland,Syria,Taiwan,Tajikistan,Thailand,Timor-Leste,Togo,Tonga,Trinidad and Tobago,Tunisia,Turkey,Turkmenistan,Turks and Caicos Islands,Uganda,Ukraine,United Arab Emirates,United Kingdom,Tanzania,United States of America,Uruguay,Uzbekistan,Vanuatu,Venezuela,Viet Nam,Wallis and Futuna Islands,Western Sahara,Yemen,Zambia,Zimbabwe,KP Annex B,Non KP Annex B,OECD,Non-OECD,EU28,Africa,Asia,Central America,Europe,Middle East,North America,Oceania,South America,Bunkers,Statistical Difference,World
1959.0,NaN,NaN,NaN,NaN,NaN,NaN,NaN,NaN,NaN,NaN,NaN,NaN,NaN,NaN,NaN,NaN,NaN,NaN,NaN,NaN,NaN,NaN,NaN,NaN,NaN,NaN,NaN,NaN,NaN,NaN,NaN,NaN,NaN,NaN,NaN,NaN,NaN,NaN,NaN,NaN,NaN,NaN,NaN,NaN,NaN,NaN,NaN,NaN,NaN,NaN,NaN,NaN,NaN,NaN,NaN,NaN,NaN,NaN,NaN,NaN,NaN,NaN,NaN,NaN,NaN,NaN,NaN,NaN,NaN,NaN,NaN,NaN,NaN,NaN,NaN,NaN,NaN,NaN,NaN,NaN,NaN,NaN,NaN,NaN,NaN,NaN,NaN,NaN,NaN,NaN,NaN,NaN,NaN,NaN,NaN,NaN,NaN,NaN,NaN,NaN,NaN,NaN,NaN,NaN,NaN,NaN,NaN,NaN,NaN,NaN,NaN,NaN,NaN,NaN,NaN,NaN,NaN,NaN,NaN,NaN,NaN,NaN,NaN,NaN,NaN,NaN,NaN,NaN,NaN,NaN,NaN,NaN,NaN,NaN,NaN,NaN,NaN,NaN,NaN,NaN,NaN,NaN,NaN,NaN,NaN,NaN,NaN,NaN,NaN,NaN,NaN,NaN,NaN,NaN,NaN,NaN,NaN,NaN,NaN,NaN,NaN,NaN,NaN,NaN,NaN,NaN,NaN,NaN,NaN,NaN,NaN,NaN,NaN,NaN,NaN,NaN,NaN,NaN,NaN,NaN,NaN,NaN,NaN,NaN,NaN,NaN,NaN,NaN,NaN,NaN,NaN,NaN,NaN,NaN,NaN,NaN,NaN,NaN,NaN,NaN,NaN,NaN,NaN,NaN,NaN,NaN,NaN,NaN,NaN,NaN,NaN,NaN,NaN,NaN,NaN,NaN,NaN,NaN,NaN,NaN,NaN,NaN,NaN,NaN,NaN,NaN,NaN,NaN,NaN,58.234,NaN,2454.0
1960.0,NaN,NaN,NaN,NaN,NaN,NaN,NaN,NaN,NaN,NaN,NaN,NaN,NaN,NaN,NaN,NaN,NaN,NaN,NaN,NaN,NaN,NaN,NaN,NaN,NaN,NaN,NaN,NaN,NaN,NaN,NaN,NaN,NaN,NaN,NaN,NaN,NaN,NaN,NaN,NaN,NaN,NaN,NaN,NaN,NaN,NaN,NaN,NaN,NaN,NaN,NaN,NaN,NaN,NaN,NaN,NaN,NaN,NaN,NaN,NaN,NaN,NaN,NaN,NaN,NaN,NaN,NaN,NaN,NaN,NaN,NaN,NaN,NaN,NaN,NaN,NaN,NaN,NaN,NaN,NaN,NaN,NaN,NaN,NaN,NaN,NaN,NaN,NaN,NaN,NaN,NaN,NaN,NaN,NaN,NaN,NaN,NaN,NaN,NaN,NaN,NaN,NaN,NaN,NaN,NaN,NaN,NaN,NaN,NaN,NaN,NaN,NaN,NaN,NaN,NaN,NaN,NaN,NaN,NaN,NaN,NaN,NaN,NaN,NaN,NaN,NaN,NaN,NaN,NaN,NaN,NaN,NaN,NaN,NaN,NaN,NaN,NaN,NaN,NaN,NaN,NaN,NaN,NaN,NaN,NaN,NaN,NaN,NaN,NaN,NaN,NaN,NaN,NaN,NaN,NaN,NaN,NaN,NaN,NaN,NaN,NaN,NaN,NaN,NaN,NaN,NaN,NaN,NaN,NaN,NaN,NaN,NaN,NaN,NaN,NaN,NaN,NaN,NaN,NaN,NaN,NaN,NaN,NaN,NaN,NaN,NaN,NaN,NaN,NaN,NaN,NaN,NaN,NaN,NaN,NaN,NaN,NaN,NaN,NaN,NaN,NaN,NaN,NaN,NaN,NaN,NaN,NaN,NaN,NaN,NaN,NaN,NaN,NaN,NaN,NaN,NaN,NaN,NaN,NaN,NaN,NaN,NaN,NaN,NaN,NaN,NaN,NaN,NaN,NaN,65.022,NaN,2569.0
1961.0,NaN,NaN,NaN,NaN,NaN,NaN,NaN,NaN,NaN,NaN,NaN,NaN,NaN,NaN,NaN,NaN,NaN,NaN,NaN,NaN,NaN,NaN,NaN,NaN,NaN,NaN,NaN,NaN,NaN,NaN,NaN,NaN,NaN,NaN,NaN,NaN,NaN,NaN,NaN,NaN,NaN,NaN,NaN,NaN,NaN,NaN,NaN,NaN,NaN,NaN,NaN,NaN,NaN,NaN,NaN,NaN,NaN,NaN,NaN,NaN,NaN,NaN,NaN,NaN,NaN,NaN,NaN,NaN,NaN,NaN,NaN,NaN,NaN,NaN,NaN,NaN,NaN,NaN,NaN,NaN,NaN,NaN,NaN,NaN,NaN,NaN,NaN,NaN,NaN,NaN,NaN,NaN,NaN,NaN,NaN,NaN,NaN,NaN,NaN,NaN,NaN,NaN,NaN,NaN,NaN,NaN,NaN,NaN,NaN,NaN,NaN,NaN,NaN,NaN,NaN,NaN,NaN,NaN,NaN,NaN,NaN,NaN,NaN,NaN,NaN,NaN,NaN,NaN,NaN,NaN,NaN,NaN,NaN,NaN,NaN,NaN,NaN,NaN,NaN,NaN,NaN,NaN,NaN,NaN,NaN,NaN,NaN,NaN,NaN,NaN,NaN,NaN,NaN,NaN,NaN,NaN,NaN,NaN,NaN,NaN,NaN,NaN,NaN,NaN,NaN,NaN,NaN,NaN,NaN,NaN,NaN,NaN,NaN,NaN,NaN,NaN,NaN,NaN,NaN,NaN,NaN,NaN,NaN,NaN,NaN,NaN,NaN,NaN,NaN,NaN,NaN,NaN,NaN,NaN,NaN,NaN,NaN,NaN,NaN,NaN,NaN,NaN,NaN,NaN,NaN,NaN,NaN,NaN,NaN,NaN,NaN,NaN,NaN,NaN,NaN,NaN,NaN,NaN,NaN,NaN,NaN,NaN,NaN,NaN,NaN,NaN,NaN,NaN,NaN,71.845,NaN,2580.0
1962.0,NaN,NaN,NaN,NaN,NaN,NaN,NaN,NaN,NaN,NaN,NaN,NaN,NaN,NaN,NaN,NaN,NaN,NaN,NaN,NaN,NaN,NaN,NaN,NaN,NaN,NaN,NaN,NaN,NaN,NaN,NaN,NaN,NaN,NaN,NaN,NaN,NaN,NaN,NaN,NaN,NaN,NaN,NaN,NaN,NaN,NaN,NaN,NaN,NaN,NaN,NaN,NaN,NaN,NaN,NaN,NaN,NaN,NaN,NaN,NaN,NaN,NaN,NaN,NaN,NaN,NaN,NaN,NaN,NaN,NaN,NaN,NaN,NaN,NaN,NaN,NaN,NaN,NaN,NaN,NaN,NaN,NaN,NaN,NaN,NaN,NaN,NaN,NaN,NaN,NaN,NaN,NaN,NaN,NaN,NaN,NaN,NaN,NaN,NaN,NaN,NaN,NaN,NaN,NaN,NaN,NaN,NaN,NaN,NaN,NaN,NaN,NaN,NaN,NaN,NaN,NaN,NaN,NaN,NaN,NaN,NaN,NaN,NaN,NaN,NaN,NaN,NaN,NaN,NaN,NaN,NaN,NaN,NaN,NaN,NaN,NaN,NaN,NaN,NaN,NaN,NaN,NaN,NaN,NaN,NaN,NaN,NaN,NaN,NaN,NaN,NaN,NaN,NaN,NaN,NaN,NaN,NaN,NaN,NaN,NaN,NaN,NaN,NaN,NaN,NaN,NaN,NaN,NaN,NaN,NaN,NaN,NaN,NaN,NaN,NaN,NaN,NaN,NaN,NaN,NaN,NaN,NaN,NaN,NaN,NaN,NaN,NaN,NaN,NaN,NaN,NaN,NaN,NaN,NaN,NaN,NaN,NaN,NaN,NaN,NaN,NaN,NaN,NaN,NaN,NaN,NaN,NaN,NaN,NaN,NaN,NaN,NaN,NaN,NaN,NaN,NaN,NaN,NaN,NaN,NaN,NaN,NaN,NaN,NaN,NaN,NaN,NaN,NaN,NaN,74.403,NaN,2686.0
1963.0,NaN,NaN,NaN,NaN,NaN,NaN,NaN,NaN,NaN,NaN,NaN,NaN,NaN,NaN,NaN,NaN,NaN,NaN,NaN,NaN,NaN,NaN,NaN,NaN,NaN,NaN,NaN,NaN,NaN,NaN,NaN,NaN,NaN,NaN,NaN,NaN,NaN,NaN,NaN,NaN,NaN,NaN,NaN,NaN,NaN,NaN,NaN,NaN,NaN,NaN,NaN,NaN,NaN,NaN,NaN,NaN,NaN,NaN,NaN,NaN,NaN,NaN,NaN,NaN,NaN,NaN,NaN,NaN,NaN,NaN,NaN,NaN,NaN,NaN,NaN,NaN,NaN,NaN,NaN,NaN,NaN,NaN,NaN,NaN,NaN,NaN,NaN,NaN,NaN,NaN,NaN,NaN,NaN,NaN,NaN,NaN,NaN,NaN,NaN,NaN,NaN,NaN,NaN,NaN,NaN,NaN,NaN,NaN,NaN,NaN,NaN,NaN,NaN,NaN,NaN,NaN,NaN,NaN,NaN,NaN,NaN,NaN,NaN,NaN,NaN,NaN,NaN,NaN,NaN,NaN,NaN,NaN,NaN,NaN,NaN,NaN,NaN,NaN,NaN,NaN,NaN,NaN,NaN,NaN,NaN,NaN,NaN,NaN,NaN,NaN,NaN,NaN,NaN,NaN,NaN,NaN,NaN,NaN,NaN,NaN,NaN,NaN,NaN,NaN,NaN,NaN,NaN,NaN,NaN,NaN,NaN,NaN,NaN,NaN,NaN,NaN,NaN,NaN,NaN,NaN,NaN,NaN,NaN,NaN,NaN,NaN,NaN,NaN,NaN,NaN,NaN,NaN,NaN,NaN,NaN,NaN,NaN,NaN,NaN,NaN,NaN,NaN,NaN,NaN,NaN,NaN,NaN,NaN,NaN,NaN,NaN,NaN,NaN,NaN,NaN,NaN,NaN,NaN,NaN,NaN,NaN,NaN,NaN,NaN,NaN,NaN,NaN,NaN,NaN,77.821,NaN,2833.0
1964.0,NaN,NaN,NaN,NaN,NaN,NaN,NaN,NaN,NaN,NaN,NaN,NaN,NaN,NaN,NaN,NaN,NaN,NaN,NaN,NaN,NaN,NaN,NaN,NaN,NaN,NaN,NaN,NaN,NaN,NaN,NaN,NaN,NaN,NaN,NaN,NaN,NaN,NaN,NaN,NaN,NaN,NaN,NaN,NaN,NaN,NaN,NaN,NaN,NaN,NaN,NaN,NaN,NaN,NaN,NaN,NaN,NaN,NaN,NaN,NaN,NaN,NaN,NaN,NaN,NaN,NaN,NaN,NaN,NaN,NaN,NaN,NaN,NaN,NaN,NaN,NaN,NaN,NaN,NaN,NaN,NaN,NaN,NaN,NaN,NaN,NaN,NaN,NaN,NaN,NaN,NaN,NaN,NaN,NaN,NaN,NaN,NaN,NaN,NaN,NaN,NaN,NaN,NaN,NaN,NaN,NaN,NaN,NaN,NaN,NaN,NaN,NaN,NaN,NaN,NaN,NaN,NaN,NaN,NaN,NaN,NaN,NaN,NaN,NaN,NaN,NaN,NaN,NaN,NaN,NaN,NaN,NaN,NaN,NaN,NaN,NaN,NaN,NaN,NaN,NaN,NaN,NaN,NaN,NaN,NaN,NaN,NaN,NaN,NaN,NaN,NaN,NaN,NaN,NaN,NaN,NaN,NaN,NaN,NaN,NaN,NaN,NaN,NaN,NaN,NaN,NaN,NaN,NaN,NaN,NaN,NaN,NaN,NaN,NaN,NaN,NaN,NaN,NaN,NaN,NaN,NaN,NaN,NaN,NaN,NaN,NaN,NaN,NaN,NaN,NaN,NaN,NaN,NaN,NaN,NaN,NaN,NaN,NaN,NaN,NaN,NaN,NaN,NaN,NaN,NaN,NaN,NaN,NaN,NaN,NaN,NaN,NaN,NaN,NaN,NaN,NaN,NaN,NaN,NaN,NaN,NaN,NaN,NaN,NaN,NaN,NaN,NaN,NaN,NaN,85.181,NaN,2995.0
1965.0,NaN,NaN,NaN,NaN,NaN,NaN,NaN,NaN,NaN,NaN,NaN,NaN,NaN,NaN,NaN,NaN,NaN,NaN,NaN,NaN,NaN,NaN,NaN,NaN,NaN,NaN,NaN,NaN,NaN,NaN,NaN,NaN,NaN,NaN,NaN,NaN,NaN,NaN,NaN,NaN,NaN,NaN,NaN,NaN,NaN,NaN,NaN,NaN,NaN,NaN,NaN,NaN,NaN,NaN,NaN,NaN,NaN,NaN,NaN,NaN,NaN,NaN,NaN,NaN,NaN,NaN,NaN,NaN,NaN,NaN,NaN,NaN,NaN,NaN,NaN,NaN,NaN,NaN,NaN,NaN,NaN,NaN,NaN,NaN,NaN,NaN,NaN,NaN,NaN,NaN,NaN,NaN,NaN,NaN,NaN,NaN,NaN,NaN,NaN,NaN,NaN,NaN,NaN,NaN,NaN,NaN,NaN,NaN,NaN,NaN,NaN,NaN,NaN,NaN,NaN,NaN,NaN,NaN,NaN,NaN,NaN,NaN,NaN,NaN,NaN,NaN,NaN,NaN,NaN,NaN,NaN,NaN,NaN,NaN,NaN,NaN,NaN,NaN,NaN,NaN,NaN,NaN,NaN,NaN,NaN,NaN,NaN,NaN,NaN,NaN,NaN,NaN,NaN,NaN,NaN,NaN,NaN,NaN,NaN,NaN,NaN,NaN,NaN,NaN,NaN,NaN,NaN,NaN,NaN,NaN,NaN,NaN,NaN,NaN,NaN,NaN,NaN,NaN,NaN,NaN,NaN,NaN,NaN,NaN,NaN,NaN,NaN,NaN,NaN,NaN,NaN,NaN,NaN,NaN,NaN,NaN,NaN,NaN,NaN,NaN,NaN,NaN,NaN,NaN,NaN,NaN,NaN,NaN,NaN,NaN,NaN,NaN,NaN,NaN,NaN,NaN,NaN,NaN,NaN,NaN,NaN,NaN,NaN,NaN,NaN,NaN,NaN,NaN,NaN,88.051,NaN,3130.0
1966.0,NaN,NaN,NaN,NaN,NaN,NaN,NaN,NaN,NaN,NaN,NaN,NaN,NaN,NaN,NaN,NaN,NaN,NaN,NaN,NaN,NaN,NaN,NaN,NaN,NaN,NaN,NaN,NaN,NaN,NaN,NaN,NaN,NaN,NaN,NaN,NaN,NaN,NaN,NaN,NaN,NaN,NaN,NaN,NaN,NaN,NaN,NaN,NaN,NaN,NaN,NaN,NaN,NaN,NaN,NaN,NaN,NaN,NaN,NaN,NaN,NaN,NaN,NaN,NaN,NaN,NaN,NaN,NaN,NaN,NaN,NaN,NaN,NaN,NaN,NaN,NaN,NaN,NaN,NaN,NaN,NaN,NaN,NaN,NaN,NaN,NaN,NaN,NaN,NaN,NaN,NaN,NaN,NaN,NaN,NaN,NaN,NaN,NaN,NaN,NaN,NaN,NaN,NaN,NaN,NaN,NaN,NaN,NaN,NaN,NaN,NaN,NaN,NaN,NaN,NaN,NaN,NaN,NaN,NaN,NaN,NaN,NaN,NaN,NaN,NaN,NaN,NaN,NaN,NaN,NaN,NaN,NaN,NaN,NaN,NaN,NaN,NaN,NaN,NaN,NaN,NaN,NaN,NaN,NaN,NaN,NaN,NaN,NaN,NaN,NaN,NaN,NaN,NaN,NaN,NaN,NaN,NaN,NaN,NaN,NaN,NaN,NaN,NaN,NaN,NaN,NaN,NaN,NaN,NaN,NaN,NaN,NaN,NaN,NaN,NaN,NaN,NaN,NaN,NaN,NaN,NaN,NaN,NaN,NaN,NaN,NaN,NaN,NaN,NaN,NaN,NaN,NaN,NaN,NaN,NaN,NaN,NaN,NaN,NaN,NaN,NaN,NaN,NaN,NaN,NaN,NaN,NaN,NaN,NaN,NaN,NaN,NaN,NaN,NaN,NaN,NaN,NaN,NaN,NaN,NaN,NaN,NaN,NaN,NaN,NaN,NaN,NaN,NaN,NaN,95.264,NaN,3288.0
1967.0,NaN,NaN,NaN,NaN,NaN,NaN,NaN,NaN,NaN,NaN,NaN,NaN,NaN,NaN,NaN,NaN,NaN,NaN,NaN,NaN,NaN,NaN,NaN,NaN,NaN,NaN,NaN,NaN,NaN,NaN,NaN,NaN,NaN,NaN,NaN,NaN,NaN,NaN,NaN,NaN,NaN,NaN,NaN,NaN,NaN,NaN,NaN,NaN,NaN,NaN,NaN,NaN,NaN,NaN,NaN,NaN,NaN,NaN,NaN,NaN,NaN,NaN,NaN,NaN,NaN,NaN,NaN,NaN,NaN,NaN,NaN,NaN,NaN,NaN,NaN,NaN,NaN,NaN,NaN,NaN,NaN,NaN,NaN,NaN,NaN,NaN,NaN,NaN,NaN,NaN,NaN,NaN,NaN,NaN,NaN,NaN,NaN,NaN,NaN,NaN,NaN,NaN,NaN,NaN,NaN,NaN,NaN,NaN,NaN,NaN,NaN,NaN,NaN,NaN,NaN,NaN,NaN,NaN,NaN,NaN,NaN,NaN,NaN,NaN,NaN,NaN,NaN,NaN,NaN,NaN,NaN,NaN,NaN,NaN,NaN,NaN,NaN,NaN,NaN,NaN,NaN,NaN,NaN,NaN,NaN,NaN,NaN,NaN,NaN,NaN,NaN,NaN,NaN,NaN,NaN,NaN,NaN,NaN,NaN,NaN,NaN,NaN,NaN,NaN,NaN,NaN,NaN,NaN,NaN,NaN,NaN,NaN,NaN,NaN,NaN,NaN,NaN,NaN,NaN,NaN,NaN,NaN,NaN,NaN,NaN,NaN,NaN,NaN,NaN,NaN,NaN,NaN,NaN,NaN,NaN,NaN,NaN,NaN,NaN,NaN,NaN,NaN,NaN,NaN,NaN,NaN,NaN,NaN,NaN,NaN,NaN,NaN,NaN,NaN,NaN,NaN,NaN,NaN,NaN,NaN,NaN,NaN,NaN,NaN,NaN,NaN,NaN,NaN,NaN,101.955,NaN,3393.0
1968.0,NaN,NaN,NaN,NaN,NaN,NaN,NaN,NaN,NaN,NaN,NaN,NaN,NaN,NaN,NaN,NaN,NaN,NaN,NaN,NaN,NaN,NaN,NaN,NaN,NaN,NaN,NaN,NaN,NaN,NaN,NaN,NaN,NaN,NaN,NaN,NaN,NaN,NaN,NaN,NaN,NaN,NaN,NaN,NaN,NaN,NaN,NaN,NaN,NaN,NaN,NaN,NaN,NaN,NaN,NaN,NaN,NaN,NaN,NaN,NaN,NaN,NaN,NaN,NaN,NaN,NaN,NaN,NaN,NaN,NaN,NaN,NaN,NaN,NaN,NaN,NaN,NaN,NaN,NaN,NaN,NaN,NaN,NaN,NaN,NaN,NaN,NaN,NaN,NaN,NaN,NaN,NaN,NaN,NaN,NaN,NaN,NaN,NaN,NaN,NaN,NaN,NaN,NaN,NaN,NaN,NaN,NaN,NaN,NaN,NaN,NaN,NaN,NaN,NaN,NaN,NaN,NaN,NaN,NaN,NaN,NaN,NaN,NaN,NaN,NaN,NaN,NaN,NaN,NaN,NaN,NaN,NaN,NaN,NaN,NaN,NaN,NaN,NaN,NaN,NaN,NaN,NaN,NaN,NaN,NaN,NaN,NaN,NaN,NaN,NaN,NaN,NaN,NaN,NaN,NaN,NaN,NaN,NaN,NaN,NaN,NaN,NaN,NaN,NaN,NaN,NaN,NaN,NaN,NaN,NaN,NaN,NaN,NaN,NaN,NaN,NaN,NaN,NaN,NaN,NaN,NaN,NaN,NaN,NaN,NaN,NaN,NaN,NaN,NaN,NaN,NaN,NaN,NaN,NaN,NaN,NaN,NaN,NaN,NaN,NaN,NaN,NaN,NaN,NaN,NaN,NaN,NaN,NaN,NaN,NaN,NaN,NaN,NaN,NaN,NaN,NaN,NaN,NaN,NaN,NaN,NaN,NaN,NaN,NaN,NaN,NaN,NaN,NaN,NaN,107.758,NaN,3566.0
1969.0,NaN,NaN,NaN,NaN,NaN,NaN,NaN,NaN,NaN,NaN,NaN,NaN,NaN,NaN,NaN,NaN,NaN,NaN,NaN,NaN,NaN,NaN,NaN,NaN,NaN,NaN,NaN,NaN,NaN,NaN,NaN,NaN,NaN,NaN,NaN,NaN,NaN,NaN,NaN,NaN,NaN,NaN,NaN,NaN,NaN,NaN,NaN,NaN,NaN,NaN,NaN,NaN,NaN,NaN,NaN,NaN,NaN,NaN,NaN,NaN,NaN,NaN,NaN,NaN,NaN,NaN,NaN,NaN,NaN,NaN,NaN,NaN,NaN,NaN,NaN,NaN,NaN,NaN,NaN,NaN,NaN,NaN,NaN,NaN,NaN,NaN,NaN,NaN,NaN,NaN,NaN,NaN,NaN,NaN,NaN,NaN,NaN,NaN,NaN,NaN,NaN,NaN,NaN,NaN,NaN,NaN,NaN,NaN,NaN,NaN,NaN,NaN,NaN,NaN,NaN,NaN,NaN,NaN,NaN,NaN,NaN,NaN,NaN,NaN,NaN,NaN,NaN,NaN,NaN,NaN,NaN,NaN,NaN,NaN,NaN,NaN,NaN,NaN,NaN,NaN,NaN,NaN,NaN,NaN,NaN,NaN,NaN,NaN,NaN,NaN,NaN,NaN,NaN,NaN,NaN,NaN,NaN,NaN,NaN,NaN,NaN,NaN,NaN,NaN,NaN,NaN,NaN,NaN,NaN,NaN,NaN,NaN,NaN,NaN,NaN,NaN,NaN,NaN,NaN,NaN,NaN,NaN,NaN,NaN,NaN,NaN,NaN,NaN,NaN,NaN,NaN,NaN,NaN,NaN,NaN,NaN,NaN,NaN,NaN,NaN,NaN,NaN,NaN,NaN,NaN,NaN,NaN,NaN,NaN,NaN,NaN,NaN,NaN,NaN,NaN,NaN,NaN,NaN,NaN,NaN,NaN,NaN,NaN,NaN,NaN,NaN,NaN,NaN,NaN,112.831,NaN,3780.0
1970.0,NaN,NaN,NaN,NaN,NaN,NaN,NaN,NaN,NaN,NaN,NaN,NaN,NaN,NaN,NaN,NaN,NaN,NaN,NaN,NaN,NaN,NaN,NaN,NaN,NaN,NaN,NaN,NaN,NaN,NaN,NaN,NaN,NaN,NaN,NaN,NaN,NaN,NaN,NaN,NaN,NaN,NaN,NaN,NaN,NaN,NaN,NaN,NaN,NaN,NaN,NaN,NaN,NaN,NaN,NaN,NaN,NaN,NaN,NaN,NaN,NaN,NaN,NaN,NaN,NaN,NaN,NaN,NaN,NaN,NaN,NaN,NaN,NaN,NaN,NaN,NaN,NaN,NaN,NaN,NaN,NaN,NaN,NaN,NaN,NaN,NaN,NaN,NaN,NaN,NaN,NaN,NaN,NaN,NaN,NaN,NaN,NaN,NaN,NaN,NaN,NaN,NaN,NaN,NaN,NaN,NaN,NaN,NaN,NaN,NaN,NaN,NaN,NaN,NaN,NaN,NaN,NaN,NaN,NaN,NaN,NaN,NaN,NaN,NaN,NaN,NaN,NaN,NaN,NaN,NaN,NaN,NaN,NaN,NaN,NaN,NaN,NaN,NaN,NaN,NaN,NaN,NaN,NaN,NaN,NaN,NaN,NaN,NaN,NaN,NaN,NaN,NaN,NaN,NaN,NaN,NaN,NaN,NaN,NaN,NaN,NaN,NaN,NaN,NaN,NaN,NaN,NaN,NaN,NaN,NaN,NaN,NaN,NaN,NaN,NaN,NaN,NaN,NaN,NaN,NaN,NaN,NaN,NaN,NaN,NaN,NaN,NaN,NaN,NaN,NaN,NaN,NaN,NaN,NaN,NaN,NaN,NaN,NaN,NaN,NaN,NaN,NaN,NaN,NaN,NaN,NaN,NaN,NaN,NaN,NaN,NaN,NaN,NaN,NaN,NaN,NaN,NaN,NaN,NaN,NaN,NaN,NaN,NaN,NaN,NaN,NaN,NaN,NaN,NaN,119.332,NaN,4053.0
1971.0,NaN,NaN,NaN,NaN,NaN,NaN,NaN,NaN,NaN,NaN,NaN,NaN,NaN,NaN,NaN,NaN,NaN,NaN,NaN,NaN,NaN,NaN,NaN,NaN,NaN,NaN,NaN,NaN,NaN,NaN,NaN,NaN,NaN,NaN,NaN,NaN,NaN,NaN,NaN,NaN,NaN,NaN,NaN,NaN,NaN,NaN,NaN,NaN,NaN,NaN,NaN,NaN,NaN,NaN,NaN,NaN,NaN,NaN,NaN,NaN,NaN,NaN,NaN,NaN,NaN,NaN,NaN,NaN,NaN,NaN,NaN,NaN,NaN,NaN,NaN,NaN,NaN,NaN,NaN,NaN,NaN,NaN,NaN,NaN,NaN,NaN,NaN,NaN,NaN,NaN,NaN,NaN,NaN,NaN,NaN,NaN,NaN,NaN,NaN,NaN,NaN,NaN,NaN,NaN,NaN,NaN,NaN,NaN,NaN,NaN,NaN,NaN,NaN,NaN,NaN,NaN,NaN,NaN,NaN,NaN,NaN,NaN,NaN,NaN,NaN,NaN,NaN,NaN,NaN,NaN,NaN,NaN,NaN,NaN,NaN,NaN,NaN,NaN,NaN,NaN,NaN,NaN,NaN,NaN,NaN,NaN,NaN,NaN,NaN,NaN,NaN,NaN,NaN,NaN,NaN,NaN,NaN,NaN,NaN,NaN,NaN,NaN,NaN,NaN,NaN,NaN,NaN,NaN,NaN,NaN,NaN,NaN,NaN,NaN,NaN,NaN,NaN,NaN,NaN,NaN,NaN,NaN,NaN,NaN,NaN,NaN,NaN,NaN,NaN,NaN,NaN,NaN,NaN,NaN,NaN,NaN,NaN,NaN,NaN,NaN,NaN,NaN,NaN,NaN,NaN,NaN,NaN,NaN,NaN,NaN,NaN,NaN,NaN,NaN,NaN,NaN,NaN,NaN,NaN,NaN,NaN,NaN,NaN,NaN,NaN,NaN,NaN,NaN,NaN,125.84,NaN,4208.0
1972.0,NaN,NaN,NaN,NaN,NaN,NaN,NaN,NaN,NaN,NaN,NaN,NaN,NaN,NaN,NaN,NaN,NaN,NaN,NaN,NaN,NaN,NaN,NaN,NaN,NaN,NaN,NaN,NaN,NaN,NaN,NaN,NaN,NaN,NaN,NaN,NaN,NaN,NaN,NaN,NaN,NaN,NaN,NaN,NaN,NaN,NaN,NaN,NaN,NaN,NaN,NaN,NaN,NaN,NaN,NaN,NaN,NaN,NaN,NaN,NaN,NaN,NaN,NaN,NaN,NaN,NaN,NaN,NaN,NaN,NaN,NaN,NaN,NaN,NaN,NaN,NaN,NaN,NaN,NaN,NaN,NaN,NaN,NaN,NaN,NaN,NaN,NaN,NaN,NaN,NaN,NaN,NaN,NaN,NaN,NaN,NaN,NaN,NaN,NaN,NaN,NaN,NaN,NaN,NaN,NaN,NaN,NaN,NaN,NaN,NaN,NaN,NaN,NaN,NaN,NaN,NaN,NaN,NaN,NaN,NaN,NaN,NaN,NaN,NaN,NaN,NaN,NaN,NaN,NaN,NaN,NaN,NaN,NaN,NaN,NaN,NaN,NaN,NaN,NaN,NaN,NaN,NaN,NaN,NaN,NaN,NaN,NaN,NaN,NaN,NaN,NaN,NaN,NaN,NaN,NaN,NaN,NaN,NaN,NaN,NaN,NaN,NaN,NaN,NaN,NaN,NaN,NaN,NaN,NaN,NaN,NaN,NaN,NaN,NaN,NaN,NaN,NaN,NaN,NaN,NaN,NaN,NaN,NaN,NaN,NaN,NaN,NaN,NaN,NaN,NaN,NaN,NaN,NaN,NaN,NaN,NaN,NaN,NaN,NaN,NaN,NaN,NaN,NaN,NaN,NaN,NaN,NaN,NaN,NaN,NaN,NaN,NaN,NaN,NaN,NaN,NaN,NaN,NaN,NaN,NaN,NaN,NaN,NaN,NaN,NaN,NaN,NaN,NaN,NaN,134.374,NaN,4376.0
1973.0,NaN,NaN,NaN,NaN,NaN,NaN,NaN,NaN,NaN,NaN,NaN,NaN,NaN,NaN,NaN,NaN,NaN,NaN,NaN,NaN,NaN,NaN,NaN,NaN,NaN,NaN,NaN,NaN,NaN,NaN,NaN,NaN,NaN,NaN,NaN,NaN,NaN,NaN,NaN,NaN,NaN,NaN,NaN,NaN,NaN,NaN,NaN,NaN,NaN,NaN,NaN,NaN,NaN,NaN,NaN,NaN,NaN,NaN,NaN,NaN,NaN,NaN,NaN,NaN,NaN,NaN,NaN,NaN,NaN,NaN,NaN,NaN,NaN,NaN,NaN,NaN,NaN,NaN,NaN,NaN,NaN,NaN,NaN,NaN,NaN,NaN,NaN,NaN,NaN,NaN,NaN,NaN,NaN,NaN,NaN,NaN,NaN,NaN,NaN,NaN,NaN,NaN,NaN,NaN,NaN,NaN,NaN,NaN,NaN,NaN,NaN,NaN,NaN,NaN,NaN,NaN,NaN,NaN,NaN,NaN,NaN,NaN,NaN,NaN,NaN,NaN,NaN,NaN,NaN,NaN,NaN,NaN,NaN,NaN,NaN,NaN,NaN,NaN,NaN,NaN,NaN,NaN,NaN,NaN,NaN,NaN,NaN,NaN,NaN,NaN,NaN,NaN,NaN,NaN,NaN,NaN,NaN,NaN,NaN,NaN,NaN,NaN,NaN,NaN,NaN,NaN,NaN,NaN,NaN,NaN,NaN,NaN,NaN,NaN,NaN,NaN,NaN,NaN,NaN,NaN,NaN,NaN,NaN,NaN,NaN,NaN,NaN,NaN,NaN,NaN,NaN,NaN,NaN,NaN,NaN,NaN,NaN,NaN,NaN,NaN,NaN,NaN,NaN,NaN,NaN,NaN,NaN,NaN,NaN,NaN,NaN,NaN,NaN,NaN,NaN,NaN,NaN,NaN,NaN,NaN,NaN,NaN,NaN,NaN,NaN,NaN,NaN,NaN,NaN,143.982,NaN,4614.0
1974.0,NaN,NaN,NaN,NaN,NaN,NaN,NaN,NaN,NaN,NaN,NaN,NaN,NaN,NaN,NaN,NaN,NaN,NaN,NaN,NaN,NaN,NaN,NaN,NaN,NaN,NaN,NaN,NaN,NaN,NaN,NaN,NaN,NaN,NaN,NaN,NaN,NaN,NaN,NaN,NaN,NaN,NaN,NaN,NaN,NaN,NaN,NaN,NaN,NaN,NaN,NaN,NaN,NaN,NaN,NaN,NaN,NaN,NaN,NaN,NaN,NaN,NaN,NaN,NaN,NaN,NaN,NaN,NaN,NaN,NaN,NaN,NaN,NaN,NaN,NaN,NaN,NaN,NaN,NaN,NaN,NaN,NaN,NaN,NaN,NaN,NaN,NaN,NaN,NaN,NaN,NaN,NaN,NaN,NaN,NaN,NaN,NaN,NaN,NaN,NaN,NaN,NaN,NaN,NaN,NaN,NaN,NaN,NaN,NaN,NaN,NaN,NaN,NaN,NaN,NaN,NaN,NaN,NaN,NaN,NaN,NaN,NaN,NaN,NaN,NaN,NaN,NaN,NaN,NaN,NaN,NaN,NaN,NaN,NaN,NaN,NaN,NaN,NaN,NaN,NaN,NaN,NaN,NaN,NaN,NaN,NaN,NaN,NaN,NaN,NaN,NaN,NaN,NaN,NaN,NaN,NaN,NaN,NaN,NaN,NaN,NaN,NaN,NaN,NaN,NaN,NaN,NaN,NaN,NaN,NaN,NaN,NaN,NaN,NaN,NaN,NaN,NaN,NaN,NaN,NaN,NaN,NaN,NaN,NaN,NaN,NaN,NaN,NaN,NaN,NaN,NaN,NaN,NaN,NaN,NaN,NaN,NaN,NaN,NaN,NaN,NaN,NaN,NaN,NaN,NaN,NaN,NaN,NaN,NaN,NaN,NaN,NaN,NaN,NaN,NaN,NaN,NaN,NaN,NaN,NaN,NaN,NaN,NaN,NaN,NaN,NaN,NaN,NaN,NaN,133.568,NaN,4623.0
1975.0,NaN,NaN,NaN,NaN,NaN,NaN,NaN,NaN,NaN,NaN,NaN,NaN,NaN,NaN,NaN,NaN,NaN,NaN,NaN,NaN,NaN,NaN,NaN,NaN,NaN,NaN,NaN,NaN,NaN,NaN,NaN,NaN,NaN,NaN,NaN,NaN,NaN,NaN,NaN,NaN,NaN,NaN,NaN,NaN,NaN,NaN,NaN,NaN,NaN,NaN,NaN,NaN,NaN,NaN,NaN,NaN,NaN,NaN,NaN,NaN,NaN,NaN,NaN,NaN,NaN,NaN,NaN,NaN,NaN,NaN,NaN,NaN,NaN,NaN,NaN,NaN,NaN,NaN,NaN,NaN,NaN,NaN,NaN,NaN,NaN,NaN,NaN,NaN,NaN,NaN,NaN,NaN,NaN,NaN,NaN,NaN,NaN,NaN,NaN,NaN,NaN,NaN,NaN,NaN,NaN,NaN,NaN,NaN,NaN,NaN,NaN,NaN,NaN,NaN,NaN,NaN,NaN,NaN,NaN,NaN,NaN,NaN,NaN,NaN,NaN,NaN,NaN,NaN,NaN,NaN,NaN,NaN,NaN,NaN,NaN,NaN,NaN,NaN,NaN,NaN,NaN,NaN,NaN,NaN,NaN,NaN,NaN,NaN,NaN,NaN,NaN,NaN,NaN,NaN,NaN,NaN,NaN,NaN,NaN,NaN,NaN,NaN,NaN,NaN,NaN,NaN,NaN,NaN,NaN,NaN,NaN,NaN,NaN,NaN,NaN,NaN,NaN,NaN,NaN,NaN,NaN,NaN,NaN,NaN,NaN,NaN,NaN,NaN,NaN,NaN,NaN,NaN,NaN,NaN,NaN,NaN,NaN,NaN,NaN,NaN,NaN,NaN,NaN,NaN,NaN,NaN,NaN,NaN,NaN,NaN,NaN,NaN,NaN,NaN,NaN,NaN,NaN,NaN,NaN,NaN,NaN,NaN,NaN,NaN,NaN,NaN,NaN,NaN,NaN,122.393,NaN,4596.0
1976.0,NaN,NaN,NaN,NaN,NaN,NaN,NaN,NaN,NaN,NaN,NaN,NaN,NaN,NaN,NaN,NaN,NaN,NaN,NaN,NaN,NaN,NaN,NaN,NaN,NaN,NaN,NaN,NaN,NaN,NaN,NaN,NaN,NaN,NaN,NaN,NaN,NaN,NaN,NaN,NaN,NaN,NaN,NaN,NaN,NaN,NaN,NaN,NaN,NaN,NaN,NaN,NaN,NaN,NaN,NaN,NaN,NaN,NaN,NaN,NaN,NaN,NaN,NaN,NaN,NaN,NaN,NaN,NaN,NaN,NaN,NaN,NaN,NaN,NaN,NaN,NaN,NaN,NaN,NaN,NaN,NaN,NaN,NaN,NaN,NaN,NaN,NaN,NaN,NaN,NaN,NaN,NaN,NaN,NaN,NaN,NaN,NaN,NaN,NaN,NaN,NaN,NaN,NaN,NaN,NaN,NaN,NaN,NaN,NaN,NaN,NaN,NaN,NaN,NaN,NaN,NaN,NaN,NaN,NaN,NaN,NaN,NaN,NaN,NaN,NaN,NaN,NaN,NaN,NaN,NaN,NaN,NaN,NaN,NaN,NaN,NaN,NaN,NaN,NaN,NaN,NaN,NaN,NaN,NaN,NaN,NaN,NaN,NaN,NaN,NaN,NaN,NaN,NaN,NaN,NaN,NaN,NaN,NaN,NaN,NaN,NaN,NaN,NaN,NaN,NaN,NaN,NaN,NaN,NaN,NaN,NaN,NaN,NaN,NaN,NaN,NaN,NaN,NaN,NaN,NaN,NaN,NaN,NaN,NaN,NaN,NaN,NaN,NaN,NaN,NaN,NaN,NaN,NaN,NaN,NaN,NaN,NaN,NaN,NaN,NaN,NaN,NaN,NaN,NaN,NaN,NaN,NaN,NaN,NaN,NaN,NaN,NaN,NaN,NaN,NaN,NaN,NaN,NaN,NaN,NaN,NaN,NaN,NaN,NaN,NaN,NaN,NaN,NaN,NaN,120.028,NaN,4864.0
1977.0,NaN,NaN,NaN,NaN,NaN,NaN,NaN,NaN,NaN,NaN,NaN,NaN,NaN,NaN,NaN,NaN,NaN,NaN,NaN,NaN,NaN,NaN,NaN,NaN,NaN,NaN,NaN,NaN,NaN,NaN,NaN,NaN,NaN,NaN,NaN,NaN,NaN,NaN,NaN,NaN,NaN,NaN,NaN,NaN,NaN,NaN,NaN,NaN,NaN,NaN,NaN,NaN,NaN,NaN,NaN,NaN,NaN,NaN,NaN,NaN,NaN,NaN,NaN,NaN,NaN,NaN,NaN,NaN,NaN,NaN,NaN,NaN,NaN,NaN,NaN,NaN,NaN,NaN,NaN,NaN,NaN,NaN,NaN,NaN,NaN,NaN,NaN,NaN,NaN,NaN,NaN,NaN,NaN,NaN,NaN,NaN,NaN,NaN,NaN,NaN,NaN,NaN,NaN,NaN,NaN,NaN,NaN,NaN,NaN,NaN,NaN,NaN,NaN,NaN,NaN,NaN,NaN,NaN,NaN,NaN,NaN,NaN,NaN,NaN,NaN,NaN,NaN,NaN,NaN,NaN,NaN,NaN,NaN,NaN,NaN,NaN,NaN,NaN,NaN,NaN,NaN,NaN,NaN,NaN,NaN,NaN,NaN,NaN,NaN,NaN,NaN,NaN,NaN,NaN,NaN,NaN,NaN,NaN,NaN,NaN,NaN,NaN,NaN,NaN,NaN,NaN,NaN,NaN,NaN,NaN,NaN,NaN,NaN,NaN,NaN,NaN,NaN,NaN,NaN,NaN,NaN,NaN,NaN,NaN,NaN,NaN,NaN,NaN,NaN,NaN,NaN,NaN,NaN,NaN,NaN,NaN,NaN,NaN,NaN,NaN,NaN,NaN,NaN,NaN,NaN,NaN,NaN,NaN,NaN,NaN,NaN,NaN,NaN,NaN,NaN,NaN,NaN,NaN,NaN,NaN,NaN,NaN,NaN,NaN,NaN,NaN,NaN,NaN,NaN,122.902,NaN,5026.0
1978.0,NaN,NaN,NaN,NaN,NaN,NaN,NaN,NaN,NaN,NaN,NaN,NaN,NaN,NaN,NaN,NaN,NaN,NaN,NaN,NaN,NaN,NaN,NaN,NaN,NaN,NaN,NaN,NaN,NaN,NaN,NaN,NaN,NaN,NaN,NaN,NaN,NaN,NaN,NaN,NaN,NaN,NaN,NaN,NaN,NaN,NaN,NaN,NaN,NaN,NaN,NaN,NaN,NaN,NaN,NaN,NaN,NaN,NaN,NaN,NaN,NaN,NaN,NaN,NaN,NaN,NaN,NaN,NaN,NaN,NaN,NaN,NaN,NaN,NaN,NaN,NaN,NaN,NaN,NaN,NaN,NaN,NaN,NaN,NaN,NaN,NaN,NaN,NaN,NaN,NaN,NaN,NaN,NaN,NaN,NaN,NaN,NaN,NaN,NaN,NaN,NaN,NaN,NaN,NaN,NaN,NaN,NaN,NaN,NaN,NaN,NaN,NaN,NaN,NaN,NaN,NaN,NaN,NaN,NaN,NaN,NaN,NaN,NaN,NaN,NaN,NaN,NaN,NaN,NaN,NaN,NaN,NaN,NaN,NaN,NaN,NaN,NaN,NaN,NaN,NaN,NaN,NaN,NaN,NaN,NaN,NaN,NaN,NaN,NaN,NaN,NaN,NaN,NaN,NaN,NaN,NaN,NaN,NaN,NaN,NaN,NaN,NaN,NaN,NaN,NaN,NaN,NaN,NaN,NaN,NaN,NaN,NaN,NaN,NaN,NaN,NaN,NaN,NaN,NaN,NaN,NaN,NaN,NaN,NaN,NaN,NaN,NaN,NaN,NaN,NaN,NaN,NaN,NaN,NaN,NaN,NaN,NaN,NaN,NaN,NaN,NaN,NaN,NaN,NaN,NaN,NaN,NaN,NaN,NaN,NaN,NaN,NaN,NaN,NaN,NaN,NaN,NaN,NaN,NaN,NaN,NaN,NaN,NaN,NaN,NaN,NaN,NaN,NaN,NaN,124.603,NaN,5087.0
1979.0,NaN,NaN,NaN,NaN,NaN,NaN,NaN,NaN,NaN,NaN,NaN,NaN,NaN,NaN,NaN,NaN,NaN,NaN,NaN,NaN,NaN,NaN,NaN,NaN,NaN,NaN,NaN,NaN,NaN,NaN,NaN,NaN,NaN,NaN,NaN,NaN,NaN,NaN,NaN,NaN,NaN,NaN,NaN,NaN,NaN,NaN,NaN,NaN,NaN,NaN,NaN,NaN,NaN,NaN,NaN,NaN,NaN,NaN,NaN,NaN,NaN,NaN,NaN,NaN,NaN,NaN,NaN,NaN,NaN,NaN,NaN,NaN,NaN,NaN,NaN,NaN,NaN,NaN,NaN,NaN,NaN,NaN,NaN,NaN,NaN,NaN,NaN,NaN,NaN,NaN,NaN,NaN,NaN,NaN,NaN,NaN,NaN,NaN,NaN,NaN,NaN,NaN,NaN,NaN,NaN,NaN,NaN,NaN,NaN,NaN,NaN,NaN,NaN,NaN,NaN,NaN,NaN,NaN,NaN,NaN,NaN,NaN,NaN,NaN,NaN,NaN,NaN,NaN,NaN,NaN,NaN,NaN,NaN,NaN,NaN,NaN,NaN,NaN,NaN,NaN,NaN,NaN,NaN,NaN,NaN,NaN,NaN,NaN,NaN,NaN,NaN,NaN,NaN,NaN,NaN,NaN,NaN,NaN,NaN,NaN,NaN,NaN,NaN,NaN,NaN,NaN,NaN,NaN,NaN,NaN,NaN,NaN,NaN,NaN,NaN,NaN,NaN,NaN,NaN,NaN,NaN,NaN,NaN,NaN,NaN,NaN,NaN,NaN,NaN,NaN,NaN,NaN,NaN,NaN,NaN,NaN,NaN,NaN,NaN,NaN,NaN,NaN,NaN,NaN,NaN,NaN,NaN,NaN,NaN,NaN,NaN,NaN,NaN,NaN,NaN,NaN,NaN,NaN,NaN,NaN,NaN,NaN,NaN,NaN,NaN,NaN,NaN,NaN,NaN,125.125,NaN,5369.0
1980.0,NaN,NaN,NaN,NaN,NaN,NaN,NaN,NaN,NaN,NaN,NaN,NaN,NaN,NaN,NaN,NaN,NaN,NaN,NaN,NaN,NaN,NaN,NaN,NaN,NaN,NaN,NaN,NaN,NaN,NaN,NaN,NaN,NaN,NaN,NaN,NaN,NaN,NaN,NaN,NaN,NaN,NaN,NaN,NaN,NaN,NaN,NaN,NaN,NaN,NaN,NaN,NaN,NaN,NaN,NaN,NaN,NaN,NaN,NaN,NaN,NaN,NaN,NaN,NaN,NaN,NaN,NaN,NaN,NaN,NaN,NaN,NaN,NaN,NaN,NaN,NaN,NaN,NaN,NaN,NaN,NaN,NaN,NaN,NaN,NaN,NaN,NaN,NaN,NaN,NaN,NaN,NaN,NaN,NaN,NaN,NaN,NaN,NaN,NaN,NaN,NaN,NaN,NaN,NaN,NaN,NaN,NaN,NaN,NaN,NaN,NaN,NaN,NaN,NaN,NaN,NaN,NaN,NaN,NaN,NaN,NaN,NaN,NaN,NaN,NaN,NaN,NaN,NaN,NaN,NaN,NaN,NaN,NaN,NaN,NaN,NaN,NaN,NaN,NaN,NaN,NaN,NaN,NaN,NaN,NaN,NaN,NaN,NaN,NaN,NaN,NaN,NaN,NaN,NaN,NaN,NaN,NaN,NaN,NaN,NaN,NaN,NaN,NaN,NaN,NaN,NaN,NaN,NaN,NaN,NaN,NaN,NaN,NaN,NaN,NaN,NaN,NaN,NaN,NaN,NaN,NaN,NaN,NaN,NaN,NaN,NaN,NaN,NaN,NaN,NaN,NaN,NaN,NaN,NaN,NaN,NaN,NaN,NaN,NaN,NaN,NaN,NaN,NaN,NaN,NaN,NaN,NaN,NaN,NaN,NaN,NaN,NaN,NaN,NaN,NaN,NaN,NaN,NaN,NaN,NaN,NaN,NaN,NaN,NaN,NaN,NaN,NaN,NaN,NaN,122.002,NaN,5315.0
1981.0,NaN,NaN,NaN,NaN,NaN,NaN,NaN,NaN,NaN,NaN,NaN,NaN,NaN,NaN,NaN,NaN,NaN,NaN,NaN,NaN,NaN,NaN,NaN,NaN,NaN,NaN,NaN,NaN,NaN,NaN,NaN,NaN,NaN,NaN,NaN,NaN,NaN,NaN,NaN,NaN,NaN,NaN,NaN,NaN,NaN,NaN,NaN,NaN,NaN,NaN,NaN,NaN,NaN,NaN,NaN,NaN,NaN,NaN,NaN,NaN,NaN,NaN,NaN,NaN,NaN,NaN,NaN,NaN,NaN,NaN,NaN,NaN,NaN,NaN,NaN,NaN,NaN,NaN,NaN,NaN,NaN,NaN,NaN,NaN,NaN,NaN,NaN,NaN,NaN,NaN,NaN,NaN,NaN,NaN,NaN,NaN,NaN,NaN,NaN,NaN,NaN,NaN,NaN,NaN,NaN,NaN,NaN,NaN,NaN,NaN,NaN,NaN,NaN,NaN,NaN,NaN,NaN,NaN,NaN,NaN,NaN,NaN,NaN,NaN,NaN,NaN,NaN,NaN,NaN,NaN,NaN,NaN,NaN,NaN,NaN,NaN,NaN,NaN,NaN,NaN,NaN,NaN,NaN,NaN,NaN,NaN,NaN,NaN,NaN,NaN,NaN,NaN,NaN,NaN,NaN,NaN,NaN,NaN,NaN,NaN,NaN,NaN,NaN,NaN,NaN,NaN,NaN,NaN,NaN,NaN,NaN,NaN,NaN,NaN,NaN,NaN,NaN,NaN,NaN,NaN,NaN,NaN,NaN,NaN,NaN,NaN,NaN,NaN,NaN,NaN,NaN,NaN,NaN,NaN,NaN,NaN,NaN,NaN,NaN,NaN,NaN,NaN,NaN,NaN,NaN,NaN,NaN,NaN,NaN,NaN,NaN,NaN,NaN,NaN,NaN,NaN,NaN,NaN,NaN,NaN,NaN,NaN,NaN,NaN,NaN,NaN,NaN,NaN,NaN,112.677,NaN,5152.0
1982.0,NaN,NaN,NaN,NaN,NaN,NaN,NaN,NaN,NaN,NaN,NaN,NaN,NaN,NaN,NaN,NaN,NaN,NaN,NaN,NaN,NaN,NaN,NaN,NaN,NaN,NaN,NaN,NaN,NaN,NaN,NaN,NaN,NaN,NaN,NaN,NaN,NaN,NaN,NaN,NaN,NaN,NaN,NaN,NaN,NaN,NaN,NaN,NaN,NaN,NaN,NaN,NaN,NaN,NaN,NaN,NaN,NaN,NaN,NaN,NaN,NaN,NaN,NaN,NaN,NaN,NaN,NaN,NaN,NaN,NaN,NaN,NaN,NaN,NaN,NaN,NaN,NaN,NaN,NaN,NaN,NaN,NaN,NaN,NaN,NaN,NaN,NaN,NaN,NaN,NaN,NaN,NaN,NaN,NaN,NaN,NaN,NaN,NaN,NaN,NaN,NaN,NaN,NaN,NaN,NaN,NaN,NaN,NaN,NaN,NaN,NaN,NaN,NaN,NaN,NaN,NaN,NaN,NaN,NaN,NaN,NaN,NaN,NaN,NaN,NaN,NaN,NaN,NaN,NaN,NaN,NaN,NaN,NaN,NaN,NaN,NaN,NaN,NaN,NaN,NaN,NaN,NaN,NaN,NaN,NaN,NaN,NaN,NaN,NaN,NaN,NaN,NaN,NaN,NaN,NaN,NaN,NaN,NaN,NaN,NaN,NaN,NaN,NaN,NaN,NaN,NaN,NaN,NaN,NaN,NaN,NaN,NaN,NaN,NaN,NaN,NaN,NaN,NaN,NaN,NaN,NaN,NaN,NaN,NaN,NaN,NaN,NaN,NaN,NaN,NaN,NaN,NaN,NaN,NaN,NaN,NaN,NaN,NaN,NaN,NaN,NaN,NaN,NaN,NaN,NaN,NaN,NaN,NaN,NaN,NaN,NaN,NaN,NaN,NaN,NaN,NaN,NaN,NaN,NaN,NaN,NaN,NaN,NaN,NaN,NaN,NaN,NaN,NaN,NaN,102.106,NaN,5113.0
1983.0,NaN,NaN,NaN,NaN,NaN,NaN,NaN,NaN,NaN,NaN,NaN,NaN,NaN,NaN,NaN,NaN,NaN,NaN,NaN,NaN,NaN,NaN,NaN,NaN,NaN,NaN,NaN,NaN,NaN,NaN,NaN,NaN,NaN,NaN,NaN,NaN,NaN,NaN,NaN,NaN,NaN,NaN,NaN,NaN,NaN,NaN,NaN,NaN,NaN,NaN,NaN,NaN,NaN,NaN,NaN,NaN,NaN,NaN,NaN,NaN,NaN,NaN,NaN,NaN,NaN,NaN,NaN,NaN,NaN,NaN,NaN,NaN,NaN,NaN,NaN,NaN,NaN,NaN,NaN,NaN,NaN,NaN,NaN,NaN,NaN,NaN,NaN,NaN,NaN,NaN,NaN,NaN,NaN,NaN,NaN,NaN,NaN,NaN,NaN,NaN,NaN,NaN,NaN,NaN,NaN,NaN,NaN,NaN,NaN,NaN,NaN,NaN,NaN,NaN,NaN,NaN,NaN,NaN,NaN,NaN,NaN,NaN,NaN,NaN,NaN,NaN,NaN,NaN,NaN,NaN,NaN,NaN,NaN,NaN,NaN,NaN,NaN,NaN,NaN,NaN,NaN,NaN,NaN,NaN,NaN,NaN,NaN,NaN,NaN,NaN,NaN,NaN,NaN,NaN,NaN,NaN,NaN,NaN,NaN,NaN,NaN,NaN,NaN,NaN,NaN,NaN,NaN,NaN,NaN,NaN,NaN,NaN,NaN,NaN,NaN,NaN,NaN,NaN,NaN,NaN,NaN,NaN,NaN,NaN,NaN,NaN,NaN,NaN,NaN,NaN,NaN,NaN,NaN,NaN,NaN,NaN,NaN,NaN,NaN,NaN,NaN,NaN,NaN,NaN,NaN,NaN,NaN,NaN,NaN,NaN,NaN,NaN,NaN,NaN,NaN,NaN,NaN,NaN,NaN,NaN,NaN,NaN,NaN,NaN,NaN,NaN,NaN,NaN,NaN,97.939,NaN,5094.0
1984.0,NaN,NaN,NaN,NaN,NaN,NaN,NaN,NaN,NaN,NaN,NaN,NaN,NaN,NaN,NaN,NaN,NaN,NaN,NaN,NaN,NaN,NaN,NaN,NaN,NaN,NaN,NaN,NaN,NaN,NaN,NaN,NaN,NaN,NaN,NaN,NaN,NaN,NaN,NaN,NaN,NaN,NaN,NaN,NaN,NaN,NaN,NaN,NaN,NaN,NaN,NaN,NaN,NaN,NaN,NaN,NaN,NaN,NaN,NaN,NaN,NaN,NaN,NaN,NaN,NaN,NaN,NaN,NaN,NaN,NaN,NaN,NaN,NaN,NaN,NaN,NaN,NaN,NaN,NaN,NaN,NaN,NaN,NaN,NaN,NaN,NaN,NaN,NaN,NaN,NaN,NaN,NaN,NaN,NaN,NaN,NaN,NaN,NaN,NaN,NaN,NaN,NaN,NaN,NaN,NaN,NaN,NaN,NaN,NaN,NaN,NaN,NaN,NaN,NaN,NaN,NaN,NaN,NaN,NaN,NaN,NaN,NaN,NaN,NaN,NaN,NaN,NaN,NaN,NaN,NaN,NaN,NaN,NaN,NaN,NaN,NaN,NaN,NaN,NaN,NaN,NaN,NaN,NaN,NaN,NaN,NaN,NaN,NaN,NaN,NaN,NaN,NaN,NaN,NaN,NaN,NaN,NaN,NaN,NaN,NaN,NaN,NaN,NaN,NaN,NaN,NaN,NaN,NaN,NaN,NaN,NaN,NaN,NaN,NaN,NaN,NaN,NaN,NaN,NaN,NaN,NaN,NaN,NaN,NaN,NaN,NaN,NaN,NaN,NaN,NaN,NaN,NaN,NaN,NaN,NaN,NaN,NaN,NaN,NaN,NaN,NaN,NaN,NaN,NaN,NaN,NaN,NaN,NaN,NaN,NaN,NaN,NaN,NaN,NaN,NaN,NaN,NaN,NaN,NaN,NaN,NaN,NaN,NaN,NaN,NaN,NaN,NaN,NaN,NaN,98.316,NaN,5280.0
1985.0,NaN,NaN,NaN,NaN,NaN,NaN,NaN,NaN,NaN,NaN,NaN,NaN,NaN,NaN,NaN,NaN,NaN,NaN,NaN,NaN,NaN,NaN,NaN,NaN,NaN,NaN,NaN,NaN,NaN,NaN,NaN,NaN,NaN,NaN,NaN,NaN,NaN,NaN,NaN,NaN,NaN,NaN,NaN,NaN,NaN,NaN,NaN,NaN,NaN,NaN,NaN,NaN,NaN,NaN,NaN,NaN,NaN,NaN,NaN,NaN,NaN,NaN,NaN,NaN,NaN,NaN,NaN,NaN,NaN,NaN,NaN,NaN,NaN,NaN,NaN,NaN,NaN,NaN,NaN,NaN,NaN,NaN,NaN,NaN,NaN,NaN,NaN,NaN,NaN,NaN,NaN,NaN,NaN,NaN,NaN,NaN,NaN,NaN,NaN,NaN,NaN,NaN,NaN,NaN,NaN,NaN,NaN,NaN,NaN,NaN,NaN,NaN,NaN,NaN,NaN,NaN,NaN,NaN,NaN,NaN,NaN,NaN,NaN,NaN,NaN,NaN,NaN,NaN,NaN,NaN,NaN,NaN,NaN,NaN,NaN,NaN,NaN,NaN,NaN,NaN,NaN,NaN,NaN,NaN,NaN,NaN,NaN,NaN,NaN,NaN,NaN,NaN,NaN,NaN,NaN,NaN,NaN,NaN,NaN,NaN,NaN,NaN,NaN,NaN,NaN,NaN,NaN,NaN,NaN,NaN,NaN,NaN,NaN,NaN,NaN,NaN,NaN,NaN,NaN,NaN,NaN,NaN,NaN,NaN,NaN,NaN,NaN,NaN,NaN,NaN,NaN,NaN,NaN,NaN,NaN,NaN,NaN,NaN,NaN,NaN,NaN,NaN,NaN,NaN,NaN,NaN,NaN,NaN,NaN,NaN,NaN,NaN,NaN,NaN,NaN,NaN,NaN,NaN,NaN,NaN,NaN,NaN,NaN,NaN,NaN,NaN,NaN,NaN,NaN,100.456,NaN,5439.0
1986.0,NaN,NaN,NaN,NaN,NaN,NaN,NaN,NaN,NaN,NaN,NaN,NaN,NaN,NaN,NaN,NaN,NaN,NaN,NaN,NaN,NaN,NaN,NaN,NaN,NaN,NaN,NaN,NaN,NaN,NaN,NaN,NaN,NaN,NaN,NaN,NaN,NaN,NaN,NaN,NaN,NaN,NaN,NaN,NaN,NaN,NaN,NaN,NaN,NaN,NaN,NaN,NaN,NaN,NaN,NaN,NaN,NaN,NaN,NaN,NaN,NaN,NaN,NaN,NaN,NaN,NaN,NaN,NaN,NaN,NaN,NaN,NaN,NaN,NaN,NaN,NaN,NaN,NaN,NaN,NaN,NaN,NaN,NaN,NaN,NaN,NaN,NaN,NaN,NaN,NaN,NaN,NaN,NaN,NaN,NaN,NaN,NaN,NaN,NaN,NaN,NaN,NaN,NaN,NaN,NaN,NaN,NaN,NaN,NaN,NaN,NaN,NaN,NaN,NaN,NaN,NaN,NaN,NaN,NaN,NaN,NaN,NaN,NaN,NaN,NaN,NaN,NaN,NaN,NaN,NaN,NaN,NaN,NaN,NaN,NaN,NaN,NaN,NaN,NaN,NaN,NaN,NaN,NaN,NaN,NaN,NaN,NaN,NaN,NaN,NaN,NaN,NaN,NaN,NaN,NaN,NaN,NaN,NaN,NaN,NaN,NaN,NaN,NaN,NaN,NaN,NaN,NaN,NaN,NaN,NaN,NaN,NaN,NaN,NaN,NaN,NaN,NaN,NaN,NaN,NaN,NaN,NaN,NaN,NaN,NaN,NaN,NaN,NaN,NaN,NaN,NaN,NaN,NaN,NaN,NaN,NaN,NaN,NaN,NaN,NaN,NaN,NaN,NaN,NaN,NaN,NaN,NaN,NaN,NaN,NaN,NaN,NaN,NaN,NaN,NaN,NaN,NaN,NaN,NaN,NaN,NaN,NaN,NaN,NaN,NaN,NaN,NaN,NaN,NaN,107.488,NaN,5607.0
1987.0,NaN,NaN,NaN,NaN,NaN,NaN,NaN,NaN,NaN,NaN,NaN,NaN,NaN,NaN,NaN,NaN,NaN,NaN,NaN,NaN,NaN,NaN,NaN,NaN,NaN,NaN,NaN,NaN,NaN,NaN,NaN,NaN,NaN,NaN,NaN,NaN,NaN,NaN,NaN,NaN,NaN,NaN,NaN,NaN,NaN,NaN,NaN,NaN,NaN,NaN,NaN,NaN,NaN,NaN,NaN,NaN,NaN,NaN,NaN,NaN,NaN,NaN,NaN,NaN,NaN,NaN,NaN,NaN,NaN,NaN,NaN,NaN,NaN,NaN,NaN,NaN,NaN,NaN,NaN,NaN,NaN,NaN,NaN,NaN,NaN,NaN,NaN,NaN,NaN,NaN,NaN,NaN,NaN,NaN,NaN,NaN,NaN,NaN,NaN,NaN,NaN,NaN,NaN,NaN,NaN,NaN,NaN,NaN,NaN,NaN,NaN,NaN,NaN,NaN,NaN,NaN,NaN,NaN,NaN,NaN,NaN,NaN,NaN,NaN,NaN,NaN,NaN,NaN,NaN,NaN,NaN,NaN,NaN,NaN,NaN,NaN,NaN,NaN,NaN,NaN,NaN,NaN,NaN,NaN,NaN,NaN,NaN,NaN,NaN,NaN,NaN,NaN,NaN,NaN,NaN,NaN,NaN,NaN,NaN,NaN,NaN,NaN,NaN,NaN,NaN,NaN,NaN,NaN,NaN,NaN,NaN,NaN,NaN,NaN,NaN,NaN,NaN,NaN,NaN,NaN,NaN,NaN,NaN,NaN,NaN,NaN,NaN,NaN,NaN,NaN,NaN,NaN,NaN,NaN,NaN,NaN,NaN,NaN,NaN,NaN,NaN,NaN,NaN,NaN,NaN,NaN,NaN,NaN,NaN,NaN,NaN,NaN,NaN,NaN,NaN,NaN,NaN,NaN,NaN,NaN,NaN,NaN,NaN,NaN,NaN,NaN,NaN,NaN,NaN,117.896,NaN,5752.0
1988.0,NaN,NaN,NaN,NaN,NaN,NaN,NaN,NaN,NaN,NaN,NaN,NaN,NaN,NaN,NaN,NaN,NaN,NaN,NaN,NaN,NaN,NaN,NaN,NaN,NaN,NaN,NaN,NaN,NaN,NaN,NaN,NaN,NaN,NaN,NaN,NaN,NaN,NaN,NaN,NaN,NaN,NaN,NaN,NaN,NaN,NaN,NaN,NaN,NaN,NaN,NaN,NaN,NaN,NaN,NaN,NaN,NaN,NaN,NaN,NaN,NaN,NaN,NaN,NaN,NaN,NaN,NaN,NaN,NaN,NaN,NaN,NaN,NaN,NaN,NaN,NaN,NaN,NaN,NaN,NaN,NaN,NaN,NaN,NaN,NaN,NaN,NaN,NaN,NaN,NaN,NaN,NaN,NaN,NaN,NaN,NaN,NaN,NaN,NaN,NaN,NaN,NaN,NaN,NaN,NaN,NaN,NaN,NaN,NaN,NaN,NaN,NaN,NaN,NaN,NaN,NaN,NaN,NaN,NaN,NaN,NaN,NaN,NaN,NaN,NaN,NaN,NaN,NaN,NaN,NaN,NaN,NaN,NaN,NaN,NaN,NaN,NaN,NaN,NaN,NaN,NaN,NaN,NaN,NaN,NaN,NaN,NaN,NaN,NaN,NaN,NaN,NaN,NaN,NaN,NaN,NaN,NaN,NaN,NaN,NaN,NaN,NaN,NaN,NaN,NaN,NaN,NaN,NaN,NaN,NaN,NaN,NaN,NaN,NaN,NaN,NaN,NaN,NaN,NaN,NaN,NaN,NaN,NaN,NaN,NaN,NaN,NaN,NaN,NaN,NaN,NaN,NaN,NaN,NaN,NaN,NaN,NaN,NaN,NaN,NaN,NaN,NaN,NaN,NaN,NaN,NaN,NaN,NaN,NaN,NaN,NaN,NaN,NaN,NaN,NaN,NaN,NaN,NaN,NaN,NaN,NaN,NaN,NaN,NaN,NaN,NaN,NaN,NaN,NaN,122.02,NaN,5965.0
1989.0,NaN,NaN,NaN,NaN,NaN,NaN,NaN,NaN,NaN,NaN,NaN,NaN,NaN,NaN,NaN,NaN,NaN,NaN,NaN,NaN,NaN,NaN,NaN,NaN,NaN,NaN,NaN,NaN,NaN,NaN,NaN,NaN,NaN,NaN,NaN,NaN,NaN,NaN,NaN,NaN,NaN,NaN,NaN,NaN,NaN,NaN,NaN,NaN,NaN,NaN,NaN,NaN,NaN,NaN,NaN,NaN,NaN,NaN,NaN,NaN,NaN,NaN,NaN,NaN,NaN,NaN,NaN,NaN,NaN,NaN,NaN,NaN,NaN,NaN,NaN,NaN,NaN,NaN,NaN,NaN,NaN,NaN,NaN,NaN,NaN,NaN,NaN,NaN,NaN,NaN,NaN,NaN,NaN,NaN,NaN,NaN,NaN,NaN,NaN,NaN,NaN,NaN,NaN,NaN,NaN,NaN,NaN,NaN,NaN,NaN,NaN,NaN,NaN,NaN,NaN,NaN,NaN,NaN,NaN,NaN,NaN,NaN,NaN,NaN,NaN,NaN,NaN,NaN,NaN,NaN,NaN,NaN,NaN,NaN,NaN,NaN,NaN,NaN,NaN,NaN,NaN,NaN,NaN,NaN,NaN,NaN,NaN,NaN,NaN,NaN,NaN,NaN,NaN,NaN,NaN,NaN,NaN,NaN,NaN,NaN,NaN,NaN,NaN,NaN,NaN,NaN,NaN,NaN,NaN,NaN,NaN,NaN,NaN,NaN,NaN,NaN,NaN,NaN,NaN,NaN,NaN,NaN,NaN,NaN,NaN,NaN,NaN,NaN,NaN,NaN,NaN,NaN,NaN,NaN,NaN,NaN,NaN,NaN,NaN,NaN,NaN,NaN,NaN,NaN,NaN,NaN,NaN,NaN,NaN,NaN,NaN,NaN,NaN,NaN,NaN,NaN,NaN,NaN,NaN,NaN,NaN,NaN,NaN,NaN,NaN,NaN,NaN,NaN,NaN,126.611,NaN,6097.0
1990.0,NaN,2.02236344066,NaN,NaN,NaN,NaN,NaN,31.0301516265,0.821828967203,NaN,68.7065836967,23.4799891628,9.43184588411,NaN,3.13020366677,5.52398968084,NaN,14.770657321,41.8307689505,NaN,0.286191645163,NaN,NaN,NaN,0.594,63.7901399781,NaN,NaN,16.1926673715,0.202397645528,NaN,0.30848987108,128.992211687,NaN,NaN,NaN,NaN,8.87764149177,618.500925943,16.956315625,NaN,NaN,NaN,1.38345154276,1.82442851337,6.2154638139,NaN,1.938656569,39.3027044786,NaN,NaN,16.553369168,NaN,NaN,NaN,4.53968655604,21.6786217675,1.1472723971,NaN,NaN,6.32743660786,1.06416248858,NaN,NaN,NaN,NaN,20.0433956469,138.225337094,NaN,NaN,NaN,NaN,2.79179668866,321.749772397,1.38231353685,NaN,23.3518962338,NaN,NaN,NaN,1.83966388289,0.389029596526,NaN,NaN,NaN,0.93654938723,24.8338300797,24.3175002429,NaN,185.582996381,39.3710831816,NaN,10.5280258389,55.1782919225,12.9263500583,153.829950439,NaN,345.308968543,NaN,78.5238618283,2.24059035385,NaN,12.5508848533,3.44292703365,0.155166700448,4.64734385299,NaN,NaN,NaN,NaN,9.43105523758,2.728,NaN,NaN,0.383784656421,0.440766838137,18.3088016946,NaN,NaN,0.948499896944,NaN,NaN,NaN,0.764645248646,85.8517758864,2.42940942849,NaN,NaN,8.50325979676,1.04505305913,NaN,0.007,NaN,0.311775336254,NaN,55.8271532997,NaN,7.02131992569,0.847695021882,NaN,10.8369237692,NaN,10.9032725724,NaN,3.30382076534,20.0672945698,NaN,0.801941048902,NaN,0.987481327108,6.41123594393,15.975069497,1.48481225522,86.4061978384,13.9523724313,2.8951001938,0.5760776014,85.7460638631,NaN,NaN,41.8538892512,518.63584811,0.202969653742,NaN,NaN,NaN,NaN,54.8077452877,0.909913003193,NaN,NaN,NaN,20.0778725618,18.1266173077,5.09946874354,NaN,NaN,61.9439101639,71.0452773295,1.68454304988,NaN,NaN,NaN,NaN,NaN,NaN,20.8599908276,23.2797542828,NaN,43.5320162445,NaN,32.8847568289,NaN,0.298995079214,NaN,NaN,4.14902732556,57.4965822835,NaN,NaN,0.400819933631,135.529552927,14.3022091261,173.371769149,1.03591642566,1285.72712374,1.32000363154,NaN,NaN,25.8367851196,6.44789707519,NaN,NaN,NaN,0.95398269971,4.89609551085,3870.18477344,2040.95222656,3387.79464121,2522.55963354,1348.18456918,162.391258704,1656.09040546,27.1338832789,2080.23655789,244.180981098,1501.10363138,77.564833909,162.431502552,143.78,72.019,6127.0
1991.0,NaN,1.19552368389,NaN,NaN,NaN,NaN,NaN,33.0164344537,0.756101705767,NaN,67.2540770444,24.1065381463,8.88660445209,NaN,3.19744567002,5.78278955156,NaN,16.0725278232,42.8761648786,NaN,0.318680861691,NaN,NaN,NaN,0.586,65.6044893949,NaN,NaN,11.279923451,0.216466196407,NaN,0.327184126424,130.829811479,NaN,NaN,NaN,NaN,8.60910593457,641.332337714,16.5732070412,NaN,NaN,NaN,1.41624116861,1.80263553402,4.46245757149,NaN,1.86912413644,35.0653360758,NaN,NaN,17.5394860172,NaN,NaN,NaN,4.49173294938,20.9600786955,1.29943603024,NaN,NaN,6.18477698146,1.07624985045,NaN,NaN,NaN,NaN,19.3865743158,142.243533469,NaN,NaN,NaN,NaN,3.14472848975,297.209321253,1.41645469099,NaN,21.8784803427,NaN,NaN,NaN,1.85548533053,0.398989108346,NaN,NaN,NaN,0.981891577809,26.5736404549,22.8562689746,NaN,193.731865807,45.4667227795,NaN,10.7431940537,59.5576905049,13.2163134608,153.945487489,NaN,348.932631545,NaN,59.6347855156,2.02059489239,NaN,4.42451730227,3.31989291278,0.16957167093,4.49142858167,NaN,NaN,NaN,NaN,9.51596740912,2.894,NaN,NaN,0.404895980668,0.443751175489,20.330557713,NaN,NaN,0.913005000752,NaN,NaN,NaN,0.802085785484,90.6276131252,2.2821014296,NaN,NaN,8.67593734031,1.00496623428,NaN,0.277,NaN,0.4155743637,NaN,55.985689521,NaN,7.04376035723,0.720345453316,NaN,10.4685318674,NaN,10.6088775373,NaN,3.49923714801,19.5587082923,NaN,0.834449457311,NaN,1.00879313168,6.34002531493,16.2786537616,1.5538825269,89.4695980874,14.489311841,4.24935692313,0.425156526294,89.6488199984,NaN,NaN,35.6509361168,539.231212038,0.188161534368,NaN,NaN,NaN,NaN,66.8059782949,0.976066774114,NaN,NaN,NaN,20.8446596804,14.6527028317,4.25200007197,NaN,NaN,67.5541177271,71.888688742,1.85466076123,NaN,NaN,NaN,NaN,NaN,NaN,21.200030552,23.2610015542,NaN,44.7045548932,NaN,34.025011366,NaN,0.323746141194,NaN,NaN,4.47743076771,56.1428221311,NaN,NaN,0.411337459607,132.408355734,15.5903758446,176.609371876,1.07787460828,1292.10891977,1.46973494207,NaN,NaN,26.6843879174,6.43802671528,NaN,NaN,NaN,0.982240031102,4.85568606241,3863.27935563,2093.38164437,3383.76030946,2572.17725063,1313.65939779,168.021183501,1686.45837314,27.9862500232,2057.93874726,259.34283419,1514.11199448,76.1708810876,166.62575735,137.429,122.846,6217.0
1992.0,NaN,0.790043562919,NaN,NaN,NaN,NaN,NaN,35.0194984121,0.728193898788,NaN,69.380768767,25.1900955912,2.6910690567,NaN,3.07283825201,6.48371547759,NaN,11.3503994238,48.6377719072,NaN,0.336542216473,NaN,NaN,NaN,0.899,65.5248961182,NaN,NaN,10.7258927137,0.218828628548,NaN,0.34447540797,135.40476325,NaN,NaN,NaN,NaN,9.22339652932,690.020147018,18.2868634081,NaN,NaN,NaN,1.53035065088,1.7722684124,5.32100191455,NaN,2.64646027314,41.9721664021,NaN,NaN,18.4766644709,NaN,NaN,NaN,5.6657281804,23.1513322012,1.38843001445,NaN,NaN,6.36332822012,1.08093813019,NaN,NaN,NaN,NaN,27.1829159439,151.623372306,NaN,NaN,NaN,NaN,2.58645000262,323.618274248,1.43013645742,NaN,26.6474092464,NaN,NaN,NaN,2.1731856176,0.404566676677,NaN,NaN,NaN,1.0989797027,27.9716989858,29.5126810972,NaN,207.818869139,51.4608162434,NaN,11.0996260789,59.9356113852,15.8744546435,171.161242652,NaN,378.421838346,NaN,39.2351747315,2.2733185703,NaN,6.66863849441,3.94421909018,0.181365206551,4.91035151251,NaN,NaN,NaN,NaN,14.8926350549,2.881,NaN,NaN,0.401210968326,0.434273481791,22.375142691,NaN,NaN,0.941064196126,NaN,NaN,NaN,0.869738485054,92.2583095296,2.45024322152,NaN,NaN,10.1696862226,0.954637408409,NaN,0.306,NaN,0.510095593485,NaN,63.7085926378,NaN,7.22950057729,0.860247095971,NaN,14.974751718,NaN,13.0774472054,NaN,3.57397067881,21.301676456,NaN,0.963759976603,NaN,1.12795449206,6.35312137116,19.4254902212,1.79863447352,96.9175963089,16.6322088306,6.16037211501,1.08916928764,103.353944719,NaN,NaN,34.5432421636,237.308529647,0.192062462301,NaN,NaN,NaN,NaN,71.6261399355,1.00683497352,NaN,NaN,NaN,23.4210324353,16.319458942,5.48011153323,NaN,NaN,64.431007328,79.2064888369,2.09395129459,NaN,NaN,NaN,NaN,NaN,NaN,23.7491930041,25.8111403092,NaN,55.2172025179,NaN,41.7486659619,NaN,0.330765883392,NaN,NaN,5.43502850302,66.948039058,NaN,NaN,0.419170532945,129.17622024,16.1119114367,182.985249975,1.05061455948,1336.01017966,1.65668604331,NaN,NaN,25.8269727295,6.39559349605,NaN,NaN,NaN,0.96979882382,4.86600168951,3772.51136012,2226.17163988,3622.35923083,2375.39136864,1443.34609606,175.77818343,1806.73054662,29.7803352954,1881.86106313,290.042200773,1564.19185872,78.5423104195,171.751490293,154.326,10.991,6164.0
1993.0,NaN,0.759260644298,NaN,NaN,NaN,NaN,NaN,33.996521167,0.559621206291,NaN,70.5738384163,23.5931363149,6.77806900307,NaN,3.94424367634,6.29821172338,NaN,9.52051282343,44.389372167,NaN,0.393364479863,NaN,NaN,NaN,0.957,67.7180651778,NaN,NaN,14.0694655149,0.218530077312,NaN,0.345813051983,134.118166031,NaN,NaN,NaN,NaN,9.89186282054,738.075265226,18.8809636129,NaN,NaN,NaN,1.55477718209,1.96567724996,5.03824726198,NaN,2.23454164074,35.6474543526,NaN,NaN,17.7677789365,NaN,NaN,NaN,6.32102397454,25.0508319679,1.46190675874,NaN,NaN,4.63682638319,1.08715763847,NaN,NaN,NaN,NaN,21.7524080366,141.204723219,NaN,NaN,NaN,NaN,2.21465014799,304.890529989,1.57451658949,NaN,25.1397240626,NaN,NaN,NaN,2.04770800069,0.407086265697,NaN,NaN,NaN,1.03890424217,26.6117633569,25.610032807,NaN,211.173474869,54.4084383088,NaN,10.5740864799,57.7513169392,16.1878414082,153.52469945,NaN,367.305199507,NaN,46.0479392216,2.38251571095,NaN,9.16191953686,2.92348376674,0.188273653736,3.92481829498,NaN,NaN,NaN,NaN,8.75309566695,2.942,NaN,NaN,0.424130414556,0.472697798675,24.5545117978,NaN,NaN,1.04642470863,NaN,NaN,NaN,0.901542451543,92.5800548055,1.52643914062,NaN,NaN,9.94795829863,1.04654715413,NaN,0.314,NaN,0.556750081652,NaN,59.4326792936,NaN,7.65138953484,0.819916768506,NaN,14.3553301565,NaN,12.0880146133,NaN,3.97667715252,22.5997402406,NaN,0.940550382517,NaN,1.15473239036,7.1170294928,18.5694641464,2.12054917105,91.0170720937,15.9648183338,7.16716751241,1.12094918217,107.402508077,NaN,NaN,32.2314011563,327.537310709,0.195922058016,NaN,NaN,NaN,NaN,79.2776878746,1.03895195738,NaN,NaN,NaN,23.912913517,13.7366926265,4.95587936032,NaN,NaN,66.4667807055,71.5261467064,2.11043303363,NaN,NaN,NaN,NaN,NaN,NaN,21.4931934271,23.3446127101,NaN,53.4931849819,NaN,41.8229473725,NaN,0.340123202583,NaN,NaN,5.12143009347,60.9989554622,NaN,NaN,0.447132450681,107.609246319,17.7386874017,172.295312218,1.12389670081,1355.94080794,1.52434987722,NaN,NaN,29.7258224638,6.96930453565,NaN,NaN,NaN,1.04150092955,4.69239541167,3733.12914029,2309.13885971,3520.17781758,2521.24122206,1329.3925605,180.579996053,1865.14792442,29.1076371976,1828.02533129,296.614877303,1583.16465171,80.120646577,179.501896475,157.851,-38.119,6162.0
1994.0,NaN,0.681634351229,NaN,NaN,NaN,NaN,NaN,35.1671843524,0.561079245383,NaN,72.268994595,23.4934074141,5.3226429184,NaN,4.04079372373,6.93555476134,NaN,7.91725993752,44.0127704989,NaN,0.436287331358,NaN,NaN,NaN,0.957,71.5847463251,NaN,NaN,10.6870960622,0.224439217424,NaN,0.396240274209,127.902095482,NaN,NaN,NaN,NaN,10.5178784368,737.172118479,19.9268619978,NaN,NaN,NaN,1.87626280138,1.65297251446,5.13413283852,NaN,2.13160667791,33.3228515278,NaN,NaN,18.2097273173,NaN,NaN,NaN,4.10800267382,23.8092258053,1.63785049476,NaN,NaN,4.19575438868,1.09155374633,NaN,NaN,NaN,NaN,20.2640520124,134.728427957,NaN,NaN,NaN,NaN,1.34054031632,297.067821552,1.69168059564,NaN,24.9204976936,NaN,NaN,NaN,2.35284723944,0.452581384356,NaN,NaN,NaN,1.13281779717,33.7217423904,22.8545331296,NaN,223.203918305,55.555385207,NaN,10.8942049021,63.5712080046,16.5339319883,148.254327295,NaN,388.793798226,NaN,40.8046765081,2.49900533187,NaN,10.3697852168,2.32015932135,0.214936344232,3.90968411206,NaN,NaN,NaN,NaN,8.04968454192,2.779,NaN,NaN,0.487007690059,0.485684425694,24.8111614779,NaN,NaN,1.02472635275,NaN,NaN,NaN,0.906271995246,96.5243616488,1.52188517078,NaN,NaN,10.1213295522,1.06354013207,NaN,0.36,NaN,0.621144610352,NaN,58.4503990851,NaN,7.74161058394,0.884152228145,NaN,12.1955912403,NaN,11.185857449,NaN,4.44891054897,24.4468690457,NaN,0.991509519707,NaN,1.32697620793,7.16390369707,19.5894577326,2.27419865973,84.4602986795,16.0131347371,7.115873169,1.0808640829,112.884100182,NaN,NaN,29.0667157355,338.754847263,0.190977764745,NaN,NaN,NaN,NaN,78.0430628616,1.07730162764,NaN,NaN,NaN,25.8671888705,11.8391874023,4.65643552892,NaN,NaN,70.7878518514,72.4544331129,2.32864117283,NaN,NaN,NaN,NaN,NaN,NaN,21.4440810198,23.4982166944,NaN,54.6565914593,NaN,44.1120770849,NaN,0.35753857093,NaN,NaN,4.65166695464,55.0956581008,NaN,NaN,0.435425973689,78.5308586205,19.9105290484,170.905591609,1.09450366768,1383.20364827,1.45706175969,NaN,NaN,29.8910118605,7.87474034894,NaN,NaN,NaN,1.03704881066,4.85615798387,3714.73961138,2354.85738862,3531.37108852,2537.43447744,1285.22458318,183.455606524,1914.82060664,31.569921784,1762.10535321,302.968337046,1608.18209028,81.9105950417,184.579395533,162.982,33.421,6266.0
1995.0,NaN,0.726760429009,NaN,NaN,NaN,NaN,NaN,34.5003978487,0.776011310715,NaN,72.2827719293,24.0635302584,6.38014897169,NaN,4.12701955847,7.93133138504,NaN,9.55087624495,45.0295272362,NaN,0.467508167761,NaN,NaN,NaN,0.961,77.7321026446,NaN,NaN,11.4617392415,0.225968957731,NaN,0.590805977575,128.65069735,NaN,NaN,NaN,NaN,11.3487218982,804.547480367,18.221027844,NaN,NaN,NaN,1.82899871617,2.10766190774,5.63272976951,NaN,2.20778052226,32.9789489633,NaN,NaN,17.555561387,NaN,NaN,NaN,6.14114437208,26.4389047889,1.87190680072,NaN,NaN,4.01243015699,0.888818117306,NaN,NaN,NaN,NaN,19.1819855928,141.46752835,NaN,NaN,NaN,NaN,0.609978484671,299.865095704,1.80327478616,NaN,25.4588750921,NaN,NaN,NaN,2.50025991456,0.470229962387,NaN,NaN,NaN,1.22931042118,35.1804660535,22.6620068603,NaN,235.308050902,56.9696566046,NaN,11.0176881557,68.6383608615,18.6910222255,153.780161721,NaN,395.774480078,NaN,33.5028893869,2.82696620952,NaN,13.7403058147,2.20343892321,0.253579634873,3.63540617944,NaN,NaN,NaN,NaN,7.9659365868,2.268,NaN,NaN,0.478858304817,0.491038382869,28.7332143843,NaN,NaN,1.0164926828,NaN,NaN,NaN,0.960048370014,84.369128165,1.53447487821,NaN,NaN,10.3847206391,1.07895563688,NaN,0.445,NaN,0.723813992438,NaN,58.9269612692,NaN,8.17646864349,0.936753273236,NaN,8.95416782324,NaN,12.2267508648,NaN,4.59888777229,24.4145757871,NaN,0.873510548778,NaN,1.43316399039,7.44184451831,21.0831327748,2.38573526555,85.7043864552,17.1119436749,7.36786062324,1.20596596694,119.846642078,NaN,NaN,30.7668846575,328.116345612,0.18996695364,NaN,NaN,NaN,NaN,60.8824675623,1.00717000834,NaN,NaN,NaN,25.5910382698,12.630372336,5.08129503138,NaN,NaN,69.3079924288,74.6105963267,2.4838495122,NaN,NaN,NaN,NaN,NaN,NaN,20.5954612555,23.8600254912,NaN,56.6583917619,NaN,48.4347466534,NaN,0.393213885108,NaN,NaN,4.71591763558,60.234369593,NaN,NaN,0.502684901635,66.8701332395,19.9632278855,171.318694159,1.32396218098,1393.33312351,1.61605921563,NaN,NaN,31.7450384447,8.68966211001,NaN,NaN,NaN,1.00159955834,4.29906707503,3734.86886716,2446.26813284,3574.11525181,2606.22742417,1308.00801963,185.363189068,2012.27960996,31.8968213283,1766.63436366,301.807566214,1606.93187301,82.401029926,193.820373813,171.207,45.656,6398.0
1996.0,NaN,0.907884604659,NaN,NaN,NaN,NaN,NaN,36.4279600973,0.786589684518,NaN,76.8800617286,25.8444468956,7.49791460902,NaN,3.80010781538,8.36250639689,NaN,12.0412983655,45.2406002402,NaN,0.466953884335,NaN,NaN,NaN,0.856,85.5431423239,NaN,NaN,13.3312798322,0.257090540753,NaN,0.665822067295,129.389105964,NaN,NaN,NaN,NaN,13.1546480836,836.757068909,18.1594574743,NaN,NaN,NaN,1.80435716849,2.04562494543,5.76108469467,NaN,2.47873063895,30.7380901748,NaN,NaN,18.804660008,NaN,NaN,NaN,6.26632946438,28.2717127592,1.77343136511,NaN,NaN,4.53491370249,1.29141032696,NaN,NaN,NaN,NaN,19.2595287772,141.286798767,NaN,NaN,NaN,NaN,1.92947718227,294.82580436,2.06317476065,NaN,24.3361385816,NaN,NaN,NaN,2.41981244165,0.448010097257,NaN,NaN,NaN,1.3057450655,33.780008874,19.6109823945,NaN,252.677156641,63.6460388709,NaN,15.2629171137,71.147046135,18.6464036025,145.421845461,NaN,393.644289336,NaN,29.210244742,2.53593185957,NaN,11.7337747761,1.9729300682,0.279586937527,4.00991053438,NaN,NaN,NaN,NaN,6.06506996722,2.301,NaN,NaN,0.430735151062,0.566667646017,30.0189468273,NaN,NaN,1.00856275745,NaN,NaN,NaN,1.10145799203,89.0048921768,1.95814317123,NaN,NaN,9.56950172162,0.734885064927,NaN,0.477,NaN,0.811168100492,NaN,59.0699027316,NaN,8.73154262198,0.954482347687,NaN,10.2149365097,NaN,11.3426701512,NaN,4.24170759917,26.8611575484,NaN,1.12952263525,NaN,1.36006015054,7.52079378816,21.1458975149,2.24978462163,87.1425023772,16.5494617172,7.58944344729,1.29692349346,128.594901208,NaN,NaN,27.5675971688,361.611098377,0.212558954488,NaN,NaN,NaN,NaN,65.8074033336,1.14805484717,NaN,NaN,NaN,28.6460035392,12.9556505713,4.74608231157,NaN,NaN,67.7558921829,70.6113219522,2.72360333494,NaN,NaN,NaN,NaN,NaN,NaN,22.5058856115,29.2702430007,NaN,54.3802850183,NaN,51.9164967364,NaN,0.389419359775,NaN,NaN,4.73856478475,55.9387286781,NaN,NaN,0.468002338282,83.0919157618,14.0841289195,178.117567993,1.21175761419,1426.49913078,1.94773960523,NaN,NaN,27.0017152314,10.3762828843,NaN,NaN,NaN,1.00463072157,4.5380604357,3817.22125131,2537.02974869,3620.26271908,2733.12813127,1299.38833734,184.486140162,2087.13032096,36.2639201783,1819.25708055,292.822213208,1645.63675793,87.8340876923,200.818812457,184.578,3.171,6542.0
1997.0,NaN,0.637613989959,NaN,NaN,NaN,NaN,NaN,38.9275788304,1.09823639193,NaN,78.1919458251,24.3114169125,6.76853986741,NaN,3.85707948865,8.7906409708,NaN,11.8656325402,46.8599552664,NaN,0.49635550107,NaN,NaN,NaN,0.876,90.7661539082,NaN,NaN,12.3259853041,0.280152420788,NaN,0.654235310932,138.321776644,NaN,NaN,NaN,NaN,14.8969368785,825.639988668,19.5913862164,NaN,NaN,NaN,1.93922914957,1.99139740226,6.03844310393,NaN,2.17475498571,30.2872290743,NaN,NaN,16.8631624097,NaN,NaN,NaN,5.23493594328,29.9074347728,2.05258900028,NaN,NaN,4.28955402561,1.48089721883,NaN,NaN,NaN,NaN,19.1057196418,132.861108953,NaN,NaN,NaN,NaN,1.72501471962,282.027471089,2.29617211712,NaN,24.5158401358,NaN,NaN,NaN,2.78726332044,0.446715227927,NaN,NaN,NaN,1.50024221523,37.0568310331,19.6694397684,NaN,263.477638753,68.2016063673,NaN,14.462089394,72.318390425,20.7798638937,145.924685577,NaN,386.67879104,NaN,26.4161238035,2.4956009159,NaN,12.7254159486,1.34758376525,0.297826883949,3.47232145744,NaN,NaN,NaN,NaN,5.89561287009,2.165,NaN,NaN,0.524412995193,0.548585495773,31.7883266005,NaN,NaN,1.03847440863,NaN,NaN,NaN,1.10732540637,98.1785396182,1.53451630533,NaN,NaN,9.36087057423,0.525579775888,NaN,0.49,NaN,0.883488784331,NaN,57.6109841128,NaN,9.19889061932,1.05908158514,NaN,10.8407958056,NaN,11.5629428882,NaN,4.34002343574,26.7063496039,NaN,1.26314260789,NaN,1.52267640395,8.36619375613,23.4882948334,2.66737786042,85.9550108094,17.5497408385,8.33422644553,1.08012769424,131.004915165,NaN,NaN,24.2188464152,343.310135756,0.223105939486,NaN,NaN,NaN,NaN,55.8039252359,1.04156381033,NaN,NaN,NaN,31.7323422913,12.7621533587,4.98573823339,NaN,NaN,69.6846159831,73.1555162891,2.83321384549,NaN,NaN,NaN,NaN,NaN,NaN,21.2428289335,26.0255521542,NaN,58.7828908648,NaN,48.9949472516,NaN,0.358178894751,NaN,NaN,4.68640673217,58.2870406326,NaN,NaN,0.499460394423,72.3021154664,14.8353085685,176.831550391,1.15329074283,1467.74744658,2.1265204955,NaN,NaN,32.3525144675,12.6161083085,NaN,NaN,NaN,1.22074814465,4.23811046916,3799.46778958,2577.07421042,3654.31083715,2721.49037461,1268.60063376,187.174332958,2093.00520182,35.4531570302,1758.75160161,289.849921152,1704.86479378,89.7291833969,217.712191436,190.442,84.016,6651.0
1998.0,NaN,0.721004921495,NaN,NaN,NaN,NaN,NaN,40.0585876365,1.09173317014,NaN,83.2447993071,25.7036775298,7.86325807699,NaN,4.31664107488,8.54657835715,NaN,18.0033440368,49.0805394695,NaN,0.563779856658,NaN,NaN,NaN,1.045,92.7698660778,NaN,NaN,11.387524048,0.404527465685,NaN,0.793174335744,144.348063096,NaN,NaN,NaN,NaN,15.2487972139,798.933058577,19.6875333597,NaN,NaN,NaN,2.13653322972,2.28267441193,5.97827502079,NaN,2.78958838338,28.866102668,NaN,NaN,16.889893606,NaN,NaN,NaN,6.56827192999,34.5240257913,2.18361034272,NaN,NaN,4.4552376129,1.81370168725,NaN,NaN,NaN,NaN,18.3176256376,140.407725298,NaN,NaN,NaN,NaN,1.86867960597,283.773454514,2.27711443043,NaN,26.3622200202,NaN,NaN,NaN,3.24756395389,0.440732778385,NaN,NaN,NaN,1.68925120788,30.9661691455,19.8780674308,NaN,270.756377127,38.5562818911,NaN,13.2233535538,83.8756796243,21.1639571111,147.180685929,NaN,362.612906493,NaN,27.4667024936,3.57406464078,NaN,14.189807293,2.28117519358,0.335501701867,3.50962540821,NaN,NaN,NaN,NaN,6.11708979407,2.006,NaN,NaN,0.619281071776,0.56464090234,22.5305460801,NaN,NaN,1.28615430372,NaN,NaN,NaN,1.08940703859,103.158343992,1.63117197511,NaN,NaN,9.89740164062,0.852523436149,NaN,0.52,NaN,1.14969700533,NaN,57.5460778634,NaN,8.5364480374,1.15326580762,NaN,11.2408053869,NaN,13.0995825366,NaN,4.88961519296,26.6585848177,NaN,1.44540391053,NaN,1.49118353762,8.59657494096,21.3227736856,2.851618454,79.7976254906,18.7429162869,7.59426007428,1.06899496785,94.1512635834,NaN,NaN,23.7626998148,306.799012796,0.242710742613,NaN,NaN,NaN,NaN,59.0272494261,1.07641085292,NaN,NaN,NaN,26.6547046022,12.6322657651,4.99156091731,NaN,NaN,68.5961837118,76.9506253269,3.04153649837,NaN,NaN,NaN,NaN,NaN,NaN,21.5578744989,31.2544537931,NaN,56.9027744807,NaN,37.4893423213,NaN,0.430084178003,NaN,NaN,4.82256570921,59.1961344914,NaN,NaN,0.683261835504,65.6716355391,24.0860914284,184.016092084,1.20107667126,1508.5126191,2.22684352487,NaN,NaN,42.2581013047,13.0178246793,NaN,NaN,NaN,1.21262715486,3.80095220357,3808.16378679,2497.28721321,3676.90699026,2627.59457923,1287.21057828,201.492234027,1913.5316142,37.4164913959,1749.4559991,319.52272326,1756.77613283,94.1200047201,233.131261233,202.361,135.188,6643.0
1999.0,NaN,1.03232311487,NaN,NaN,NaN,NaN,NaN,39.642380312,1.29759229493,NaN,76.3391649713,24.8518650429,7.15951415584,NaN,2.53035359733,8.41205066757,NaN,18.3516415123,50.0119974118,NaN,0.510041727864,NaN,NaN,NaN,0.967,88.6197166418,NaN,NaN,10.5188943124,0.437498521447,NaN,0.73254092329,140.733680525,NaN,NaN,NaN,NaN,15.8975429122,807.738867242,15.7528339007,NaN,NaN,NaN,2.46899355343,1.68090382027,5.96480305504,NaN,2.4868123003,27.7344136301,NaN,NaN,16.9687560986,NaN,NaN,NaN,5.72994643355,34.7326045039,2.17858293694,NaN,NaN,4.91360191227,1.7522604743,NaN,NaN,NaN,NaN,19.1484644169,134.321562864,NaN,NaN,NaN,NaN,1.63247906691,278.229347884,2.23147784197,NaN,25.5239587753,NaN,NaN,NaN,3.29003147472,0.393049078174,NaN,NaN,NaN,1.87376142641,26.4211673256,19.4348845572,NaN,292.574993827,57.4658610146,NaN,14.0971854999,88.0005835374,18.7615768144,150.379815515,NaN,387.885579934,NaN,26.1045129303,2.97773111252,NaN,10.993269729,1.53392077492,0.349240200017,2.95095034108,NaN,NaN,NaN,NaN,5.94380630722,2.10464390567,NaN,NaN,0.753802336948,0.598132124266,25.2002588278,NaN,NaN,1.15604915606,NaN,NaN,NaN,1.1575858304,105.675457822,1.73728977721,NaN,NaN,10.8416149777,1.146387482,NaN,0.454,NaN,1.67841563684,NaN,49.5843880356,NaN,9.72361152649,1.23615588834,NaN,8.54685575803,NaN,10.0399180833,NaN,4.5783490024,28.860877897,NaN,1.5754646782,NaN,1.54852284861,9.023105309,23.196267781,2.9731300799,83.2498337145,19.9211350769,4.29478733816,0.886401651438,116.548377409,NaN,NaN,22.0635708778,292.183020836,0.242985303301,NaN,NaN,NaN,NaN,50.3921099607,1.04986284449,NaN,NaN,NaN,28.7079531989,12.5603417157,4.78871506254,NaN,NaN,75.8910583217,82.4194127344,3.74630346986,NaN,NaN,NaN,NaN,NaN,NaN,20.8272231765,27.4774388297,NaN,59.6104214499,NaN,43.3177847752,NaN,0.409881895785,NaN,NaN,4.98573229647,58.2236793715,NaN,NaN,0.664655107721,72.1803574217,18.5475498365,177.651201873,1.26449405497,1559.69037364,2.65763681643,NaN,NaN,32.2859558819,11.8705052432,NaN,NaN,NaN,0.922990339399,3.69604466294,3843.19812807,2528.53887193,3745.71915074,2625.23764075,1269.80763525,196.904431004,2026.45331422,36.3760583402,1712.29778151,287.614229993,1808.34392171,88.2064765317,215.537479337,216.405,21.858,6610.0
2000.0,NaN,1.06539755925,NaN,NaN,NaN,NaN,NaN,37.5421154973,1.08403606555,NaN,74.757541742,24.9301821056,6.81274237748,NaN,3.59083427715,9.54569900186,NaN,17.8961256096,50.7392906729,NaN,0.642622751694,NaN,NaN,NaN,2.68942242761,92.409459805,NaN,NaN,11.7069802347,0.367043014273,NaN,0.759826654609,145.360694639,NaN,NaN,NaN,NaN,15.9915154663,818.454657687,15.9052291782,NaN,NaN,NaN,2.42295167176,1.66003329126,5.76800577821,NaN,3.53577425661,30.1561414958,NaN,NaN,15.99575257,NaN,NaN,NaN,5.59476688544,36.1095255813,2.29954513909,NaN,NaN,4.76470117633,1.78772517126,NaN,NaN,NaN,NaN,19.0453272186,137.554302508,NaN,NaN,NaN,NaN,1.4785696325,280.571682661,2.0387537525,NaN,27.9796819334,NaN,NaN,NaN,3.60065393696,0.440742638922,NaN,NaN,NaN,2.10228856719,27.9453561338,19.4579809216,NaN,290.713740531,61.5425515902,NaN,14.4680600106,85.4746571159,18.6562674286,161.146478727,NaN,408.21590506,NaN,26.8514306029,2.54439436639,NaN,8.44902172005,1.22538927809,0.435356441119,3.03165631627,NaN,NaN,NaN,NaN,5.70442566393,1.89619395029,NaN,NaN,0.614019035373,0.518634288916,29.7122689491,NaN,NaN,1.17991448093,NaN,NaN,NaN,1.29758863006,110.660507785,1.71474106112,NaN,NaN,11.09945354,1.21352773454,NaN,1.59843874504,NaN,1.04767637345,NaN,49.6910017513,NaN,9.32515334072,1.30384783287,NaN,8.4682324631,NaN,8.32072973858,NaN,4.40787186124,30.6226713784,NaN,1.5475710551,NaN,1.41623195501,9.41731627698,25.0404721054,2.83380124237,80.435380451,21.0550149694,4.17263695675,1.09750623824,134.944564188,NaN,NaN,22.7706941183,295.081570071,0.207153671459,NaN,NaN,NaN,NaN,55.9906207119,1.2226422309,NaN,NaN,NaN,33.4500974508,12.4306915498,4.8198785065,NaN,NaN,73.786423917,87.3891064993,4.09804180981,NaN,NaN,NaN,NaN,NaN,NaN,21.4305682211,29.8053834343,NaN,66.772742972,NaN,45.2407786253,NaN,0.405575667576,NaN,NaN,5.36742190814,67.9769307811,NaN,NaN,0.621900039303,64.399069596,21.8782984637,179.010417795,1.28276047517,1635.10467221,2.36979730652,NaN,NaN,24.5558694904,13.304119875,NaN,NaN,NaN,1.14231158091,3.04072133544,3965.1860257,2595.7789743,3904.08770151,2656.01159043,1298.66528654,193.094423383,2102.20299648,39.2148817419,1737.21664102,300.483771998,1893.19940465,86.2305874474,209.313247673,221.625,-17.59,6765.0
2001.0,NaN,1.17270854557,NaN,NaN,NaN,NaN,NaN,34.6782894596,1.02767370619,NaN,73.9648281152,25.1917272704,6.84222052899,NaN,3.05822982595,11.6555805427,NaN,16.3326331568,50.166864701,NaN,0.736817607038,NaN,NaN,NaN,2.37862462383,91.1129912711,NaN,NaN,11.391240429,0.374202287122,NaN,0.937815265656,140.134128488,NaN,NaN,NaN,NaN,14.2621979912,856.579253603,15.6827978794,NaN,NaN,NaN,2.51198393935,1.80041177735,6.45289449356,NaN,3.21442243846,29.6424900953,NaN,NaN,16.1410778603,NaN,NaN,NaN,6.94933236011,31.8238733228,2.44471177831,NaN,NaN,4.75876427878,1.4638068439,NaN,NaN,NaN,NaN,19.4967569327,139.921579628,NaN,NaN,NaN,NaN,1.35019637724,279.126091104,2.17075099665,NaN,28.0199825328,NaN,NaN,NaN,3.87409063192,0.42295089296,NaN,NaN,NaN,2.29473000574,29.6085438484,19.2565678689,NaN,297.956379316,67.8427538604,NaN,14.7463378264,93.1172597931,19.856775932,155.513786044,NaN,394.163385238,NaN,33.1106450911,2.7226792773,NaN,9.56837058135,1.03135071882,0.396819596518,3.12337185018,NaN,NaN,NaN,NaN,5.62115964686,2.13799316372,NaN,NaN,0.629749275306,0.533806687499,31.7338463032,NaN,NaN,1.17337373767,NaN,NaN,NaN,1.2399986119,113.580891575,1.80303608232,NaN,NaN,11.7971745627,1.14783800632,NaN,1.72713101791,NaN,1.15161955664,NaN,49.529952564,NaN,9.39862987977,1.35744887256,NaN,12.5828878335,NaN,8.59929403421,NaN,4.35751112496,30.3047475608,NaN,1.6044729409,NaN,1.44029443315,8.43954846413,24.3912785069,2.68673544458,79.2319513599,21.0401858663,4.11634974695,1.21242143655,130.055992442,NaN,NaN,24.0813559197,320.027095567,0.245425574886,NaN,NaN,NaN,NaN,59.2554569423,1.27849200257,NaN,NaN,NaN,28.3738444763,12.5376330277,4.75888333818,NaN,NaN,68.2240114781,89.2676466174,4.24067587966,NaN,NaN,NaN,NaN,NaN,NaN,20.3414044817,26.8148316643,NaN,61.0781437363,NaN,47.1466848596,NaN,0.441830922842,NaN,NaN,5.32140767943,53.066175456,NaN,NaN,0.699520021771,73.8361806997,27.0293072041,180.837385907,1.40823143257,1608.05798737,2.10914223158,NaN,NaN,33.4633956557,14.9079962659,NaN,NaN,NaN,1.19114335344,2.86683893286,3948.15931607,2659.60468393,3833.62018066,2773.31594914,1296.72288098,191.373505939,2139.96213295,39.8184267403,1764.62107412,310.152386252,1863.89925832,85.6775430208,212.240033907,212.208,107.028,6927.0
2002.0,NaN,1.31284876026,NaN,NaN,NaN,NaN,NaN,22.109643546,1.01901021864,NaN,81.5922321067,25.4260793651,7.54191716272,NaN,2.74544666288,10.9825785072,NaN,16.7763352119,52.5766171393,NaN,0.808177571603,NaN,NaN,NaN,0.96744320974,87.4505191026,NaN,NaN,10.9002760514,0.401337254675,NaN,0.721802129831,143.758594947,NaN,NaN,NaN,NaN,15.4499305193,889.318154175,16.4203387948,NaN,NaN,NaN,3.2482963201,1.44008930862,6.82444254437,NaN,3.91210513314,30.3076354965,NaN,NaN,16.5317820233,NaN,NaN,NaN,7.94857374667,32.376744987,2.50433627794,NaN,NaN,5.2387073916,1.51059543657,NaN,NaN,NaN,NaN,19.876604804,139.975208864,NaN,NaN,NaN,NaN,1.2105453337,269.221202952,2.42908276908,NaN,28.3937363642,NaN,NaN,NaN,4.38605081623,0.454075700985,NaN,NaN,NaN,2.70805945704,24.9422492307,20.0345568356,NaN,300.680816921,75.1850165349,NaN,15.0290819289,88.8299265348,19.1876591523,158.677953509,NaN,395.201435891,NaN,33.3837578663,1.85041934351,NaN,10.2848922516,1.29143038549,0.518194605635,2.86217349617,NaN,NaN,NaN,NaN,6.21132413993,2.314357002,NaN,NaN,0.45440213898,0.578936535097,33.7359259278,NaN,NaN,1.04722892998,NaN,NaN,NaN,1.2342006488,113.588161796,1.92987641061,NaN,NaN,12.5163103299,1.21941161228,NaN,0.403229079678,NaN,1.07144991614,NaN,51.4503490487,NaN,9.6104500888,1.41371069019,NaN,16.3078037679,NaN,9.34783068813,NaN,5.52469035139,32.4818023297,NaN,1.65540507849,NaN,1.23465906631,9.01104321462,23.8178270724,2.80223931981,77.3472219201,21.8545661531,4.59977761469,1.22078210536,140.703203667,NaN,NaN,23.7788236677,324.63144288,0.241062912585,NaN,NaN,NaN,NaN,64.3299622542,1.71211726582,NaN,NaN,NaN,28.2622034109,12.5642482609,4.80464032907,NaN,NaN,65.3635647066,96.0953563798,4.80042854005,NaN,NaN,NaN,NaN,NaN,NaN,21.9857611787,24.9914589912,NaN,65.3104503924,NaN,47.5945594141,NaN,0.443379421213,NaN,NaN,5.60131939261,59.3642137917,NaN,NaN,0.692957989553,74.2375835002,24.7936455971,180.409680496,1.55178932548,1639.93503059,1.74250366869,NaN,NaN,29.2954231064,17.3657438397,NaN,NaN,NaN,1.1875559605,3.16973178118,4004.70440034,2706.94359966,3902.84554967,2808.09649702,1305.6517214,192.75305848,2201.01107105,40.318586862,1779.21281009,311.90772255,1897.91207685,93.6426534394,194.874751866,221.986,62.366,6996.0
2003.0,NaN,1.62168863154,NaN,NaN,NaN,NaN,NaN,29.2035764816,1.10926913571,NaN,83.9468236221,25.9520767087,8.92459618821,NaN,3.7775867394,13.1973415687,NaN,17.7452665422,53.3221144379,NaN,0.993668927514,NaN,NaN,NaN,3.55058172597,83.5652701503,NaN,NaN,11.1204963935,0.513404241747,NaN,1.43505606327,143.411293421,NaN,NaN,NaN,NaN,14.4961493953,1052.00621191,16.1077258228,NaN,NaN,NaN,2.84717929453,1.99075435229,7.48268675299,NaN,2.94100203992,30.2246018824,NaN,NaN,17.680058925,NaN,NaN,NaN,8.12502805047,37.518956621,2.55432649741,NaN,NaN,5.70652561691,1.80849533339,NaN,NaN,NaN,NaN,22.2833360697,141.538496585,NaN,NaN,NaN,NaN,1.54546104563,275.075065476,2.95350342431,NaN,23.5836392701,NaN,NaN,NaN,3.84028030948,0.528265446957,NaN,NaN,NaN,2.52015476479,24.9955136825,22.5901156524,NaN,321.694226277,78.8851752044,NaN,16.6057001432,108.840929354,21.9015989995,159.85267457,NaN,401.955112699,NaN,35.9606453585,2.74164881972,NaN,12.832552128,1.67955157738,0.468606395162,3.89489658766,NaN,NaN,NaN,NaN,6.38336739988,2.72068378673,NaN,NaN,0.839997265162,0.567858407971,37.0739509873,NaN,NaN,1.38943964066,NaN,NaN,NaN,1.35689358853,119.830733405,2.28446512028,NaN,NaN,11.6681316302,1.36425918932,NaN,1.45607846243,NaN,1.42155246362,NaN,50.1641148041,NaN,9.99088855486,1.58958140217,NaN,15.647023625,NaN,11.2685459291,NaN,7.6383308837,34.3037156837,NaN,-0.0928485874794,NaN,1.44509787761,8.20115511204,24.9594641656,3.48290863044,77.6148626671,20.7407268488,5.00240390235,1.49296221612,143.384569472,NaN,NaN,25.1892520593,328.660012491,0.233879035563,NaN,NaN,NaN,NaN,70.7049969653,1.609290555,NaN,NaN,NaN,29.5909784907,12.2299890863,4.95814162897,NaN,NaN,71.0295908187,98.0099800489,4.55496812797,NaN,NaN,NaN,NaN,NaN,NaN,23.0191058304,27.7696279846,NaN,67.4319099038,NaN,54.8486861064,NaN,0.635513588836,NaN,NaN,5.60273830035,64.2541464627,NaN,NaN,0.833746959022,71.8294205875,33.4102030371,185.189769426,1.8256950738,1647.86576258,1.9179212182,NaN,NaN,35.362215877,23.3848034002,NaN,NaN,NaN,1.20992557695,2.92196382047,4050.66847429,3042.87352571,3959.13703198,3133.56646024,1327.46292034,217.701997228,2434.26550489,45.3377725408,1810.74568181,372.244219569,1913.26013774,96.7142350833,203.267808693,224.041,98.417,7416.0
2004.0,NaN,1.64542186515,NaN,NaN,NaN,NaN,NaN,34.4743717319,1.11416019662,NaN,85.7827938988,26.3929658974,9.17962937937,NaN,4.03093598803,14.4851034908,NaN,18.7743346277,59.3644454956,NaN,0.970604384789,NaN,NaN,NaN,2.67812807488,87.1382639799,NaN,NaN,11.5995545662,0.536984551441,NaN,1.57221360248,148.565186179,NaN,NaN,NaN,NaN,15.3917509861,1188.29540158,15.7523722208,NaN,NaN,NaN,2.89688373755,2.13226992008,7.2760337751,NaN,2.60314877596,29.6304179504,NaN,NaN,18.1409171953,NaN,NaN,NaN,8.63729482288,35.3420234534,2.52359995643,NaN,NaN,4.75731433256,1.95813402366,NaN,NaN,NaN,NaN,23.5738316802,150.550215198,NaN,NaN,NaN,NaN,1.80352044285,278.294130344,3.24451615334,NaN,23.2560792528,NaN,NaN,NaN,4.22145069386,0.540250218915,NaN,NaN,NaN,2.51628269466,23.477748681,21.3754277448,NaN,342.114366227,84.0633077702,NaN,17.4169943366,115.17655282,21.1196303533,165.699105863,NaN,411.938901384,NaN,39.3001244452,3.10530877434,NaN,12.7571264843,1.83433785875,0.554197188502,3.71130223491,NaN,NaN,NaN,NaN,6.39780711037,3.33717418339,NaN,NaN,0.686820711837,0.560996703828,39.1429848034,NaN,NaN,1.03130376632,NaN,NaN,NaN,1.43912416293,120.003599491,2.30591164194,NaN,NaN,13.2165590942,1.31940041561,NaN,2.03040026345,NaN,1.2500229867,NaN,50.6207003842,NaN,10.612393747,1.61083492077,NaN,19.0859899035,NaN,11.046065136,NaN,6.36416981865,38.4190194508,NaN,0.248702898916,NaN,1.53791475628,9.12802172148,24.9192975776,3.11817229961,75.5251408045,21.862623815,5.36599122691,1.41554341684,148.400927687,NaN,NaN,26.365109191,331.882205633,0.220847504928,NaN,NaN,NaN,NaN,80.1693009815,1.6843671783,NaN,NaN,NaN,31.5971445733,12.2616131971,4.87748578477,NaN,NaN,82.8621780466,106.861820738,4.96682601898,NaN,NaN,NaN,NaN,NaN,NaN,23.8505807719,29.7766559037,NaN,77.6451211234,NaN,61.1394987855,NaN,0.674162628069,NaN,NaN,5.94852904322,69.8746626331,NaN,NaN,0.886184439434,65.4118057277,37.5290853369,191.723227007,2.0101714868,1706.02436932,2.13511217121,NaN,NaN,31.3122860461,26.0806466563,NaN,NaN,NaN,1.18137296428,2.86541413002,4166.65411695,3295.57888305,4087.90914869,3373.43213013,1368.3564714,233.802715385,2643.16074395,42.3081216093,1854.28629419,404.367262264,1975.25412555,99.1031548437,209.942992595,243.514,101.253,7807.0
2005.0,NaN,1.72536454799,NaN,NaN,NaN,NaN,NaN,36.7490690265,1.33255744745,NaN,86.4669486985,26.6626116174,9.07607070506,NaN,4.7130310597,13.6598430797,NaN,17.3968120584,57.7281899014,NaN,1.29057389135,NaN,NaN,NaN,2.16456586402,92.0312465667,NaN,NaN,13.1567838066,0.402111799553,NaN,1.95945713735,154.29620816,NaN,NaN,NaN,NaN,16.5614781132,1275.32587361,17.7657745702,NaN,NaN,NaN,3.08485766604,2.48284604898,7.58483684461,NaN,2.69232333248,29.0216842399,NaN,NaN,17.5210978748,NaN,NaN,NaN,9.07186821598,40.9995017803,2.48275353764,NaN,NaN,4.81009229543,2.1504026279,NaN,NaN,NaN,NaN,21.164402432,149.304007229,NaN,NaN,NaN,NaN,2.02237913913,271.80206371,3.31804873005,NaN,24.0581845716,NaN,NaN,NaN,4.47565050705,0.550651023591,NaN,NaN,NaN,2.75808902325,25.872039128,21.7950703809,NaN,350.225682468,86.0777923062,NaN,17.9604472598,118.0215492,20.6030484821,167.160950631,NaN,409.999250147,NaN,41.590817316,3.48351559089,NaN,13.4187077159,2.13309434476,0.565913919908,3.44972883401,NaN,NaN,NaN,NaN,6.52351513323,3.8204606113,NaN,NaN,0.886746052872,0.564973473428,41.0405387264,NaN,NaN,1.27573058186,NaN,NaN,NaN,1.38413354787,130.864202776,2.40651462416,NaN,NaN,14.5977240626,1.48351072351,NaN,1.95485185024,NaN,1.34245709313,NaN,50.8727734852,NaN,10.8384957115,1.63025419613,NaN,20.7245299815,NaN,11.391212399,NaN,6.65228701459,41.3968474837,NaN,-0.488183504746,NaN,1.51294880222,10.2662936936,25.9906016496,2.92802908987,76.2768241058,22.6265568856,6.85716217335,1.50894442696,154.36084616,NaN,NaN,27.4768507202,336.131112135,0.240576480299,NaN,NaN,NaN,NaN,79.1983570057,1.92043302721,NaN,NaN,NaN,38.6331782947,12.5383279869,4.96631996849,NaN,NaN,77.9076909072,113.6080698,5.27072934248,NaN,NaN,NaN,NaN,NaN,NaN,23.3902834402,31.2344658026,NaN,75.893919917,NaN,64.6040247724,NaN,0.829459384362,NaN,NaN,5.82176205465,75.5605314,NaN,NaN,1.04067785571,71.6998785753,42.2965480691,189.919194174,2.47675222459,1716.94871081,2.28731098863,NaN,NaN,32.8802375233,28.3298013414,NaN,NaN,NaN,1.2500184633,2.96895037584,4195.21013602,3470.88486398,4126.13301126,3538.9574631,1369.16738185,242.21969833,2766.94734063,44.6496926619,1864.78950549,421.018577232,2002.67107709,100.284421359,223.502207634,254.717,172.188,8093.0
2006.0,NaN,1.62181040748,NaN,NaN,NaN,NaN,NaN,40.962084342,1.4539718895,NaN,91.6273665973,27.2379671607,8.63171947224,NaN,4.44019749463,16.2224087712,NaN,19.389179467,59.77679411,NaN,1.79402993757,NaN,NaN,NaN,2.13540059863,94.6575001406,NaN,NaN,13.1639075928,0.488163829464,NaN,2.21577261522,150.017674323,NaN,NaN,NaN,NaN,17.7925756125,1366.97423317,18.8527126521,NaN,NaN,NaN,3.17492200156,2.49152489952,8.14657333755,NaN,2.59073126309,32.1079457828,NaN,NaN,18.8972070848,NaN,NaN,NaN,9.21513972776,43.1884540371,2.56071398654,NaN,NaN,5.12187746544,2.29819180348,NaN,NaN,NaN,NaN,24.5184204943,145.7684688,NaN,NaN,NaN,NaN,2.5581124791,278.625116125,3.70586968058,NaN,25.2593162213,NaN,NaN,NaN,4.65415687515,0.553436237859,NaN,NaN,NaN,2.5549759412,27.2062568255,22.6041584953,NaN,384.054426473,88.3835904,NaN,18.0084814564,126.34955796,22.1073530141,172.528422115,NaN,404.852200288,NaN,46.5306546286,3.94731250332,NaN,14.5776302644,2.91802153335,0.715567370697,3.74634505625,NaN,NaN,NaN,NaN,6.85034503319,4.13104640647,NaN,NaN,0.868437759084,0.626120370327,40.627607021,NaN,NaN,1.40461597315,NaN,NaN,NaN,1.45831569964,133.319475247,2.72321182937,NaN,NaN,14.7418531513,1.51945098323,NaN,2.08417005979,NaN,1.22183655443,NaN,56.7775916158,NaN,10.2296977879,1.64867760201,NaN,12.3385578916,NaN,12.2058656345,NaN,9.27320360203,44.3330692619,NaN,-0.457659219134,NaN,1.678386955,9.98318926561,24.1404696311,3.44069347458,82.1817696474,20.9324792589,7.43815226335,1.58797238461,162.412993668,NaN,NaN,32.3821635665,346.777302042,0.229356043435,NaN,NaN,NaN,NaN,94.4910745951,1.71353298572,NaN,NaN,NaN,44.2238586737,13.4975883387,5.63785905023,NaN,NaN,84.5280745512,117.484245092,4.96974616762,NaN,NaN,NaN,NaN,NaN,NaN,23.8595347161,29.1947161571,NaN,75.1999754163,NaN,63.9913240401,NaN,0.900053057904,NaN,NaN,6.15993134271,81.3963149024,NaN,NaN,1.22953809518,68.5055639812,43.2427524442,193.382123135,2.65181435647,1709.22703326,2.44012795291,NaN,NaN,30.7452274102,30.6400732849,NaN,NaN,NaN,1.4651764866,2.94419075128,4236.36394267,3684.08605733,4172.72167906,3746.6295455,1416.62309439,252.223911141,2917.58834808,45.6437606463,1917.86248839,457.591541719,1993.40251678,104.861771431,231.264497476,267.901,181.649,8370.0
2007.0,NaN,1.69529975944,NaN,NaN,NaN,NaN,NaN,43.7906432075,1.63871672334,NaN,94.8442359606,26.1167251641,8.14646497122,NaN,5.11869614763,17.1546444549,NaN,20.3092093707,60.2383202726,NaN,1.86892678561,NaN,NaN,NaN,2.79406831174,101.937452875,NaN,NaN,14.2285773541,0.57861169809,NaN,2.44226638395,157.080818634,NaN,NaN,NaN,NaN,18.9601806224,1453.2101504,19.8136497434,NaN,NaN,NaN,3.48339239314,2.33602718968,8.23477286323,NaN,2.96252140092,33.0860648243,NaN,NaN,17.8012650783,NaN,NaN,NaN,9.71877294637,47.1884587872,2.5851270112,NaN,NaN,5.34745860577,2.23842956875,NaN,NaN,NaN,NaN,24.493636064,151.947746831,NaN,NaN,NaN,NaN,2.75291396727,262.60215674,4.07788281192,NaN,24.3305105725,NaN,NaN,NaN,4.69191609453,0.590182839581,NaN,NaN,NaN,3.08240007819,22.7755080034,21.8691256398,NaN,410.68371377,97.2698320538,NaN,18.0477111406,137.302357729,22.2255305377,168.687667653,NaN,405.953809354,NaN,52.9158798604,4.12848087191,NaN,16.2971873389,1.96802775177,0.763897730249,4.20651102037,NaN,NaN,NaN,NaN,6.62764491353,2.63228722786,NaN,NaN,1.00887628115,0.602925664367,45.5222461821,NaN,NaN,1.15209870089,NaN,NaN,NaN,1.40195572693,131.302162829,2.83382715174,NaN,NaN,15.4114859072,1.77743595137,NaN,2.48012412184,NaN,1.33266128042,NaN,45.3737916906,NaN,10.6120644188,1.7112257629,NaN,18.6594329056,NaN,13.3272296351,NaN,10.5898610625,47.0169513895,NaN,0.0198498748201,NaN,1.77792979483,11.7020140016,24.6414261449,3.04184007457,84.6391360692,20.4140866952,9.27808668956,1.84540981922,169.229164331,NaN,NaN,29.8782281334,369.853452285,0.251328679155,NaN,NaN,NaN,NaN,88.3202348612,1.92409066559,NaN,NaN,NaN,29.7111585202,13.4129961517,5.75344489539,NaN,NaN,86.0925811531,120.451734545,5.04885539518,NaN,NaN,NaN,NaN,NaN,NaN,24.1254259506,32.4400294511,NaN,80.2116211474,NaN,64.084454174,NaN,1.29397806652,NaN,NaN,6.14592535637,91.4011990401,NaN,NaN,1.29114574295,72.5019557479,52.2056620634,193.516930672,2.61075335236,1720.70356574,2.44724823489,NaN,NaN,35.4109191878,34.7393384025,NaN,NaN,NaN,1.53394497869,3.11350903682,4266.46451991,3885.24348009,4192.96821304,3957.65638504,1392.17857687,272.144263833,3052.23940926,46.2317077106,1929.96897476,483.116198113,2009.89700548,107.958569755,250.141502475,279.809,134.483,8566.0
2008.0,NaN,1.79827362728,NaN,NaN,NaN,NaN,NaN,46.7751931166,1.84357208426,NaN,93.4957601746,25.9149801317,8.98253667266,NaN,4.41320907575,16.1880477107,NaN,22.2889456725,60.785875248,NaN,2.12319521586,NaN,NaN,NaN,3.38450011354,113.983124738,NaN,NaN,14.512995529,0.608189682541,NaN,2.6869629454,153.302245664,NaN,NaN,NaN,NaN,21.1023668964,1542.10364961,20.7297611626,NaN,NaN,NaN,3.8144142102,2.55476994589,8.20843701716,NaN,3.35065829195,34.0496956875,NaN,NaN,17.2260474729,NaN,NaN,NaN,9.50844564312,49.0352745974,2.59883603283,NaN,NaN,4.83567164993,2.63589104738,NaN,NaN,NaN,NaN,23.1654557275,150.761114713,NaN,NaN,NaN,NaN,2.75286377749,258.821391247,4.02495245763,NaN,25.2005694708,NaN,NaN,NaN,4.65143891495,0.631482482548,NaN,NaN,NaN,2.96863152002,20.7396640784,22.5253730669,NaN,456.246119626,108.747475712,NaN,16.5101572086,144.272257902,23.8257316199,171.150967363,NaN,405.253158832,NaN,51.9024721066,4.30631404491,NaN,16.7890355411,1.85613772328,0.842748551465,4.03068057552,NaN,NaN,NaN,NaN,6.39714241609,2.66879837528,NaN,NaN,1.22997075581,0.794354266734,49.0945548808,NaN,NaN,1.89511730147,NaN,NaN,NaN,1.53859827087,136.198650181,3.12023088492,NaN,NaN,15.7878157563,2.06525064335,NaN,2.85801949444,NaN,1.50535492297,NaN,41.9606603078,NaN,10.6753969587,1.58049765122,NaN,17.751905963,NaN,13.2533567403,NaN,10.7234950369,46.6966816142,NaN,0.945781654662,NaN,2.16209656063,13.1449718313,26.8024652894,3.37545202622,87.1970928663,19.9342404318,9.6741845384,1.96072121376,171.619010814,NaN,NaN,30.2149527631,374.199538511,0.283462621401,NaN,NaN,NaN,NaN,93.9102056436,2.09793331609,NaN,NaN,NaN,26.9226579319,14.4728636684,6.08703882768,NaN,NaN,83.9514055397,112.209079256,5.59199241134,NaN,NaN,NaN,NaN,NaN,NaN,24.2014619187,33.2941589667,NaN,66.4835811795,NaN,65.8718618126,NaN,1.09786666954,NaN,NaN,6.99535225458,91.5587474576,NaN,NaN,1.39000622913,74.313908651,61.5019588003,185.739349958,3.13662264766,1649.22056575,3.00883941903,NaN,NaN,38.6060077669,38.3478431908,NaN,NaN,NaN,2.02819316819,2.74309882921,4176.74785896,4110.91014104,4108.21703465,4178.48328953,1374.02786849,282.139497193,3196.34358777,48.894048035,1923.45119706,515.252719548,1939.46337156,108.10206052,274.003506763,280.09,215.252,8783.0
2009.0,NaN,1.66004464644,NaN,NaN,NaN,NaN,NaN,43.8590518916,1.47633199617,NaN,97.8050200567,24.2669141927,9.41026169357,NaN,4.87677654318,18.0742690245,NaN,21.0144328463,52.7299797988,NaN,2.08061557124,NaN,NaN,NaN,3.78110479995,105.910128127,NaN,NaN,11.8176644011,0.652546332045,NaN,2.45140490918,147.764216887,NaN,NaN,NaN,NaN,18.4059855772,1796.38960091,21.1729581004,NaN,NaN,NaN,3.0127560241,2.17660779182,7.04156686401,NaN,2.92934064544,30.0652445496,NaN,NaN,15.5571426302,NaN,NaN,NaN,9.73481939463,51.77377445,2.29907632055,NaN,NaN,3.97985860251,2.87546096876,NaN,NaN,NaN,NaN,19.1513404398,139.702870034,NaN,NaN,NaN,NaN,2.34285484261,242.550630769,3.38751320342,NaN,25.6278157074,NaN,NaN,NaN,4.38805509343,0.631204628119,NaN,NaN,NaN,2.67490227786,22.8402239349,18.2148752136,NaN,510.261958316,119.001644214,NaN,13.9028386401,148.56228707,21.8391305437,151.618906088,NaN,363.556534362,NaN,52.8095843093,5.33178470791,NaN,16.6958150846,1.95121923862,1.00742928423,3.06034414514,NaN,NaN,NaN,NaN,5.16371593027,2.14884917016,NaN,NaN,1.05064945783,0.818428510555,47.0596507513,NaN,NaN,1.95439392119,NaN,NaN,NaN,1.57109107734,124.953058208,3.25610163306,NaN,NaN,15.2107377238,2.41026304121,NaN,0.56849899918,NaN,1.9327388859,NaN,49.3080357955,NaN,9.58520753655,1.58343895583,NaN,19.4313351893,NaN,13.030437312,NaN,10.6423815472,47.1447800901,NaN,0.521499245254,NaN,1.9736858907,13.5425475045,26.0358647174,3.74021703296,77.744044183,18.6801251621,9.90505499593,2.35869188947,155.901842826,NaN,NaN,22.7362305975,344.585619716,0.313282458735,NaN,NaN,NaN,NaN,103.463464086,2.01881212684,NaN,NaN,NaN,31.3637052078,12.4214794088,5.1020885737,NaN,NaN,99.2211558624,94.6280207972,5.47430331896,NaN,NaN,NaN,NaN,NaN,NaN,19.5551053194,30.009676758,NaN,67.0119487283,NaN,65.81067122,NaN,1.00213148679,NaN,NaN,6.63524875734,83.6386976041,NaN,NaN,1.57636948379,55.4676598471,52.8781688583,165.696679484,3.08280618538,1525.85293577,2.76568677707,NaN,NaN,45.6220617314,42.4491454991,NaN,NaN,NaN,1.8578404682,3.287111699,3820.71076713,4433.87623287,3774.995588,4479.01031961,1237.35610106,311.229209877,3468.62375781,46.9572940264,1729.58684162,518.306673593,1799.13027606,112.481104665,268.257294476,268.643,216.77,8740.0
2010.0,NaN,1.68217719362,NaN,NaN,NaN,NaN,NaN,45.6950013801,1.44401306474,NaN,92.0808938118,25.5674253417,9.87953717945,NaN,4.77222450233,18.7755796166,NaN,22.4582872134,60.5106917038,NaN,2.35941690459,NaN,NaN,NaN,3.12688214618,124.119883034,NaN,NaN,12.8114942706,0.569325062762,NaN,2.95461164066,151.136866796,NaN,NaN,NaN,NaN,21.3145880738,1877.94488818,23.0018977903,NaN,NaN,NaN,3.68247937972,2.21940344542,7.62198164157,NaN,3.08421908324,32.3818117157,NaN,NaN,17.195872217,NaN,NaN,NaN,10.4185412278,54.923042496,2.5209858799,NaN,NaN,4.63592684305,2.56987087925,NaN,NaN,NaN,NaN,24.3884077853,145.992397074,NaN,NaN,NaN,NaN,2.59190646178,249.122428359,3.92348504864,NaN,23.6468092421,NaN,NaN,NaN,4.51649719518,0.630433816995,NaN,NaN,NaN,2.84028298517,20.3255318483,21.171191116,NaN,503.404025996,116.609825267,NaN,15.0347845903,145.718553943,23.5638306366,159.901573112,NaN,401.753932062,NaN,59.4919255539,4.61445139193,NaN,19.3905644852,1.93975499064,0.901121992799,3.78740661766,NaN,NaN,NaN,NaN,5.86278899088,2.64303647743,NaN,NaN,1.20400116651,0.760986836764,50.9164305083,NaN,NaN,1.83468417104,NaN,NaN,NaN,1.51123335952,127.181186769,3.39899251777,NaN,NaN,15.8531275837,2.00576538605,NaN,2.43596512691,NaN,1.73416831935,NaN,40.9844559325,NaN,10.112770438,1.54875298702,NaN,16.667524529,NaN,14.8825750705,NaN,13.5563815137,47.3704094218,NaN,1.02221410468,NaN,2.24990414996,16.5610539026,28.050360858,3.77151603001,85.08076981,18.1348281371,9.27515181011,2.39798921909,179.444171548,NaN,NaN,25.4088298697,387.171206572,0.30196449653,NaN,NaN,NaN,NaN,110.217691079,2.3816657378,NaN,NaN,NaN,26.0047280311,14.1105529187,5.64945296022,NaN,NaN,93.2633352933,97.1524158885,5.81625550794,NaN,NaN,NaN,NaN,NaN,NaN,24.6204381187,31.6806415124,NaN,65.3876322876,NaN,71.5649802907,NaN,1.09974016094,NaN,NaN,7.21966041318,94.7738261583,NaN,NaN,1.53256352191,66.9656524137,62.5158237172,175.942803081,3.12650369381,1582.9066719,2.60566517397,NaN,NaN,42.244884443,42.4355539718,NaN,NaN,NaN,1.77073899782,2.89373394474,4038.88250727,4591.50849273,3974.7000272,4654.86024992,1304.27947707,302.215948756,3609.80745645,50.9406802371,1856.81763838,548.612284366,1861.97112394,106.401046499,293.617016172,290.876,245.733,9167.0
2011.0,NaN,1.80298964158,NaN,NaN,NaN,NaN,NaN,47.3274831182,1.45968288791,NaN,93.976807965,25.4814291541,10.6062826829,NaN,4.25436120989,20.0635206659,NaN,21.1894721459,61.1329621293,NaN,2.43703859504,NaN,NaN,NaN,3.0879905099,127.676599713,NaN,NaN,13.4088033028,0.566033139693,NaN,3.28758655479,153.939169589,NaN,NaN,NaN,NaN,23.6651882735,2074.54499654,23.6141568359,NaN,NaN,NaN,3.89642412416,2.33356505237,7.90230989609,NaN,3.19162716365,32.074724179,NaN,NaN,16.838256078,NaN,NaN,NaN,10.7281419402,55.9357892469,2.59390613578,NaN,NaN,4.85934820443,2.56054674031,NaN,NaN,NaN,NaN,23.7305073629,144.614598851,NaN,NaN,NaN,NaN,2.75914059997,247.368631212,3.7751597366,NaN,22.9576297624,NaN,NaN,NaN,4.69309400008,0.649773777516,NaN,NaN,NaN,2.88084309114,21.4396729833,20.9373709944,NaN,520.457937051,125.159568906,NaN,14.6251857063,150.827198766,24.7205165572,160.811488308,NaN,415.133235269,NaN,63.2579480493,4.74986781605,NaN,18.7372929318,2.03290214125,0.957009096567,4.02682597136,NaN,NaN,NaN,NaN,6.06609877531,2.6508361319,NaN,NaN,1.22368729396,0.771011890176,52.57718848,NaN,NaN,1.92301045875,NaN,NaN,NaN,1.54572025128,132.120907547,3.57640551616,NaN,NaN,15.9194569652,2.06530968869,NaN,2.49119145061,NaN,1.9230490029,NaN,40.0005915996,NaN,10.2508988702,1.57818015489,NaN,13.0570967037,NaN,15.0539956845,NaN,13.010748107,47.9264615919,NaN,0.932938034416,NaN,2.34916441748,17.3070862066,29.3700866612,3.91150795208,85.3718873474,18.3374568072,8.13742535684,2.35394124371,189.20547999,NaN,NaN,27.1594867789,398.853976865,0.299083144852,NaN,NaN,NaN,NaN,108.696446572,2.44694725784,NaN,NaN,NaN,27.8870111183,14.2382921788,5.8310744832,NaN,NaN,89.8811499522,98.8935817483,6.4264382628,NaN,NaN,NaN,NaN,NaN,NaN,24.4389794589,33.2363061308,NaN,67.3512096159,NaN,73.9159030289,NaN,1.14205739723,NaN,NaN,7.30376748171,99.3307479681,NaN,NaN,1.52726464223,69.9954783122,62.8121231236,170.626338307,3.19715811532,1556.75724888,2.70068023717,NaN,NaN,42.2031102321,43.8052941706,NaN,NaN,NaN,1.84309073827,2.94661772604,4042.43138295,4866.37434848,3983.21167272,4924.74448804,1299.49933235,299.791179598,3878.24157763,51.1961963951,1868.97493026,555.057582803,1843.59332138,108.806107605,303.136531911,290.876,257.564576846,9457.24630828
2012.0,NaN,1.80333251908,NaN,NaN,NaN,NaN,NaN,49.9838126765,1.39137671763,NaN,92.1637888396,25.4816196615,11.1807512814,NaN,4.61650494972,20.9984663805,NaN,20.7720491636,61.0919237976,NaN,2.48288488718,NaN,NaN,NaN,2.99566702946,131.606628692,NaN,NaN,12.8813604747,0.591228832519,NaN,3.36806433748,152.90093634,NaN,NaN,NaN,NaN,25.3016776309,2194.29635126,24.5240979439,NaN,NaN,NaN,3.83218052969,2.37262459024,7.73933822388,NaN,3.21899243382,30.7676841695,NaN,NaN,16.2337214871,NaN,NaN,NaN,11.0376944104,60.74583933,2.58038623141,NaN,NaN,4.7466721758,2.70150177492,NaN,NaN,NaN,NaN,22.5481232718,145.197783767,NaN,NaN,NaN,NaN,2.6891259264,250.529511415,3.86560362992,NaN,21.3125074979,NaN,NaN,NaN,4.7375604962,0.676376395327,NaN,NaN,NaN,2.87389207662,21.8963036907,20.5772603179,NaN,565.214627303,129.003033122,NaN,14.7087969657,160.606987625,25.7770759161,155.917822131,NaN,435.617133998,NaN,67.7747972355,4.96448447797,NaN,19.5638745871,2.11275457726,0.996622386397,3.94573763792,NaN,NaN,NaN,NaN,5.88693063978,2.66177515192,NaN,NaN,1.24693888158,0.769420440372,55.6099444357,NaN,NaN,1.9388012291,NaN,NaN,NaN,1.55009670935,132.289051937,3.73729458964,NaN,NaN,16.1430880217,2.10857182939,NaN,2.47339763566,NaN,1.98656378354,NaN,38.9541754409,NaN,10.6142696963,1.55755405326,NaN,17.1973508045,NaN,15.1607397195,NaN,14.0795696334,48.7959700677,NaN,0.865170531218,NaN,2.38212380164,18.3384886286,30.7168983839,4.07151282326,82.8932326132,18.2034461141,9.53873156064,2.48177058704,189.114258618,NaN,NaN,26.7979626499,407.565675517,0.312006261021,NaN,NaN,NaN,NaN,114.579400499,2.48499401668,NaN,NaN,NaN,28.1848413621,13.6624767534,5.70798344296,NaN,NaN,91.8377525874,97.0912071281,6.5094119289,NaN,NaN,NaN,NaN,NaN,NaN,24.0324754448,33.8095112979,NaN,67.7077890752,NaN,78.9410947872,NaN,1.20563418226,NaN,NaN,7.59964999031,99.4298359017,NaN,NaN,1.58347865156,71.3920658159,63.7526728352,175.485338064,3.34302091101,1512.19372079,2.73688741053,NaN,NaN,46.7485242858,43.6095061352,NaN,NaN,NaN,1.82997573187,2.80442258159,4017.30407522,5108.34128756,3952.17753749,5172.63845851,1290.2146601,315.082048887,4085.67061296,51.7924327049,1868.74764433,580.163551482,1798.15448451,107.633403127,318.393198197,290.876,251.920744477,9668.44210725
2013.0,NaN,NaN,NaN,NaN,NaN,NaN,NaN,NaN,NaN,NaN,NaN,NaN,NaN,NaN,NaN,NaN,NaN,NaN,NaN,NaN,NaN,NaN,NaN,NaN,NaN,NaN,NaN,NaN,NaN,NaN,NaN,NaN,NaN,NaN,NaN,NaN,NaN,NaN,NaN,NaN,NaN,NaN,NaN,NaN,NaN,NaN,NaN,NaN,NaN,NaN,NaN,NaN,NaN,NaN,NaN,NaN,NaN,NaN,NaN,NaN,NaN,NaN,NaN,NaN,NaN,NaN,NaN,NaN,NaN,NaN,NaN,NaN,NaN,NaN,NaN,NaN,NaN,NaN,NaN,NaN,NaN,NaN,NaN,NaN,NaN,NaN,NaN,NaN,NaN,NaN,NaN,NaN,NaN,NaN,NaN,NaN,NaN,NaN,NaN,NaN,NaN,NaN,NaN,NaN,NaN,NaN,NaN,NaN,NaN,NaN,NaN,NaN,NaN,NaN,NaN,NaN,NaN,NaN,NaN,NaN,NaN,NaN,NaN,NaN,NaN,NaN,NaN,NaN,NaN,NaN,NaN,NaN,NaN,NaN,NaN,NaN,NaN,NaN,NaN,NaN,NaN,NaN,NaN,NaN,NaN,NaN,NaN,NaN,NaN,NaN,NaN,NaN,NaN,NaN,NaN,NaN,NaN,NaN,NaN,NaN,NaN,NaN,NaN,NaN,NaN,NaN,NaN,NaN,NaN,NaN,NaN,NaN,NaN,NaN,NaN,NaN,NaN,NaN,NaN,NaN,NaN,NaN,NaN,NaN,NaN,NaN,NaN,NaN,NaN,NaN,NaN,NaN,NaN,NaN,NaN,NaN,NaN,NaN,NaN,NaN,NaN,NaN,NaN,NaN,NaN,NaN,NaN,NaN,NaN,NaN,NaN,NaN,NaN,NaN,NaN,NaN,NaN,NaN,NaN,NaN,NaN,NaN,NaN,NaN,NaN,NaN,NaN,NaN,NaN,290.876,NaN,9861.08217082
